,Number,Dn,Ur,Keyword,Kd,keyword_density_percentage,HeaderCount,ListsCount,InternalLinksSoup,ExternalLinksSoup,InternalLinksSEMrush,ExternalLinksSEMrush,BacklinksSEMrush,PageAScore,DomainAScore,AScore,Total Images,ImageTags,Content-length,METATitle,METADescription,Creation Date,FCP,LCP,FID,CLS,original_publication,last_modified,days_between,MetaTitleExists,MetaDescriptionExists,KeyWordInMetaTitle,KeyWordInMetaDescription,KeyWordInUrl,KeyWordInImageTags
0,0.0,bouwmaat.nl,https://www.bouwmaat.nl/bouwmaterialen,bouwmaterialen,84.13,0.46,4.0,31.0,,,43.0,77.0,26975.0,76.0,38.0,50.0,23.0,"['None', 'None', 'None', 'None', 'None', 'None', 'None', 'None', 'None', 'None', 'None', 'None', 'None', 'None', 'None', 'None', 'Bouwmaat.nl', 'None', 'ideal-logo', 'visa', 'v-pay', 'mastercard', 'Paypal-Logo']",753,"Bouwmaterialen kopen: Online of in de vestiging - Bouwmaat
",Bouwmaterialen kopen ✓ Online of in de vestiging ✓ Beste kwaliteit ✓ MEER=MINDER inkoopvoordeel ✓ Bezorgen op de klus ✓ Groot aanbod.,,1188.0,2456.0,5.0,80.0,2021-05-20,2021-05-20,0.0,1,1,1,1,1,0
1,1.0,hornbach.nl,https://www.hornbach.nl/shop/Bouwmateriaal/S4471/artikeloverzicht.html,bouwmaterialen,84.13,0.73,10.0,17.0,216.0,7.0,42.0,79.0,15109.0,79.0,78.0,58.0,21.0,"['Hornbach logo', 'Assortiment Binnenafbouw', 'Assortiment Isolatie', 'Assortiment Dakbedekking', 'Assortiment Ruwbouw', 'Assortiment Impregneren en repareren', 'Assortiment Gevelbekleding', '{{article.imageAlt}}', 'rating', 'None', 'Laagste prijsgarantie | HORNBACH ', 'Garantie bedenktijd ', 'Beste Bouwmarkt en Beste Webshop bouwmarkten! 2020 2021 ', 'Keurmerk thuiswinkel ', 'Keurmerk trustedshops ', 'apps appstore ', 'app playstore ', 'facebook ', 'instagram ', 'youtube ', 'twitter ']",337,Bouwmaterialen kopen? .HORNBACH. Laagste prijs,Bekijk ons assortiment Bouwmateriaal  in onze Onlineshop . Eenvoudig online bestellen . Thuisbezorgd . Laagste prijsgarantie . 30 dagen Bedenktijd. Alle Bouwmateriaal  online!,,447.0,522.0,4.0,65.0,2020-01-01,2020-01-01,0.0,1,1,1,0,0,0
2,2.0,bouwbestel.nl,https://www.bouwbestel.nl/bouwmaterialen.html,bouwmaterialen,84.13,0.28,2.0,7.0,2595.0,14.0,128.0,19.0,15422.0,64.0,38.0,41.0,57.0,"['Uniebouw', 'None', 'None', 'None', 'None', 'None', 'None', 'None', 'None', 'None', 'None', 'None', 'None', 'None', 'None', 'None', 'None', 'None', 'None', 'None', 'None', 'None', 'None', 'None', 'None', 'None', 'None', 'None', 'None', 'None', 'None', 'None', 'None', 'None', 'None', 'None', 'None', 'None', 'None', 'None', 'None', 'None', 'None', 'None', 'None', 'None', 'None', 'None', 'None', 'None', 'None', 'None', 'Veilig Betalen', 'Webshop Keurmerk', 'Webshop Keurmerk', 'Webshop Keurmerk', 'Webshop Keurmerk']",252,Bouwmaterialen Online - Bouwbestel - Bouwmateriaal Online Kopen,"Op zoek naar bouwmaterialen? Bij Bouwbestel bent u aan het ✅ juiste adres voor o.a. bouwmaterialen, bouwmaterialen online, bouwmaterialen kopen.",,1017.0,1160.0,3.0,3.0,2007-01-01,2021-01-01,5114.0,1,1,1,1,1,0
3,3.0,online-bouwmaterialen.nl,https://www.online-bouwmaterialen.nl/,bouwmaterialen,84.13,1.19,3.0,31.0,138.0,10.0,2.0,2.0,74.0,69.0,44.0,24.0,52.0,"['Online Bouwmaterialen, bestel bouwmaterialen online, beste kwaliteit bouwmaterialen, snel geleverd. Bouwmaterialen Online bestellen!', 'Hout & Plaatmateriaal kopen', 'Stenen kopen', 'Grind & Zand kopen', 'VBI Vloer kopen', 'Isolatiemateriaal kopen', 'Cement & Beton kopen', 'Bouwstaal kopen', 'Gipsplaten kopen', 'Stucadoorsmaterialen kopen', 'Tegels en lijmen kopen', 'Lateien kopen', 'Dakramen & Solatubes kopen', 'Dakmaterialen kopen', 'Kozijnen & Deuren kopen', 'Bouwfolies kopen', 'Verf, Pur, Lijm & Kit kopen', 'Bevestiging kopen', 'Gereedschap & Installatie kopen', 'Gevel kopen', 'Tuin kopen', 'Afvalcontainers kopen', 'Kleding & PBM kopen', 'Hectar vloer kopen', 'Brandwerende materialen kopen', 'Hout & Plaatmateriaal kopen', 'Stenen kopen', 'Grind & Zand kopen', 'VBI Vloer kopen', 'Isolatiemateriaal kopen', 'Cement & Beton kopen', 'Bouwstaal kopen', 'Gipsplaten kopen', 'Stucadoorsmaterialen kopen', 'Tegels en lijmen kopen', 'Lateien kopen', 'Dakramen & Solatubes kopen', 'Dakmaterialen kopen', 'Kozijnen & Deuren kopen', 'Bouwfolies kopen', 'Verf, Pur, Lijm & Kit kopen', 'Bevestiging kopen', 'Gereedschap & Installatie kopen', 'Gevel kopen', 'Tuin kopen', 'Afvalcontainers kopen', 'Kleding & PBM kopen', 'Hectar vloer kopen', 'Brandwerende materialen kopen', 'Bekijk de reviews van Online Bouwmaterialen', 'Online Bouwmaterialen heeft het WebwinkelKeur Keurmerk', 'Veilig betalen bij Online Bouwmaterialen']",1782,Bouwmaterialen Online kopen? | Online Bouwmaterialen,Bij Online Bouwmaterialen koopt u de beste kwaliteit bouwmaterialen ✅ Scherp geprijsd ✅ Snel geleverd ✅ Professioneel advies ✅ Ruim assortiment ✅,,884.0,1553.0,3.0,1.0,2011-01-01,2011-01-01,0.0,1,1,1,1,1,1
4,4.0,bmn.nl,https://www.bmn.nl/,bouwmaterialen,84.13,0.24,3.0,12.0,563.0,5.0,150.0,178.0,5225.0,85.0,23.0,39.0,46.0,"['BMN Bouwmaterialen', 'BMN Bouwmaterialen', 'Logo Mosa', 'Logo Procasa', 'Logo Floorgres', 'Logo Sphinx', 'Containerservice', 'Containerservice', 'Containerservice', 'Containerservice', 'Containerservice', 'Containerservice', 'Containerservice', 'Containerservice', 'Containerservice', 'Containerservice', 'Containerservice', 'Containerservice', 'Vestigingen BMN', 'Inloggen / registreren', 'Vacatures bij BMN', 'Vacatures bij BMN', 'Vacatures bij BMN', 'Vacatures bij BMN', 'Vacatures bij BMN', 'Vacatures bij BMN', 'Vacatures bij BMN', 'Vacatures bij BMN', 'Vacatures bij BMN', 'Vacatures bij BMN', 'Vacatures bij BMN', 'Vacatures bij BMN', 'Vacatures bij BMN', 'Vacatures bij BMN', 'Vacatures bij BMN', 'Vacatures bij BMN', 'Vacatures bij BMN', 'Vacatures bij BMN', 'Vacatures bij BMN', 'Vacatures bij BMN', 'Vacatures bij BMN', 'Vacatures bij BMN', 'Vacatures bij BMN', 'Vacatures bij BMN', 'Vacatures bij BMN', 'None']",175,BMN Bouwmaterialen groothandel - BMN Bouwmaterialen,"BMN (Bouwmaterialen Nederland) is de bouwmaterialen groothandel en leverancier met de beste service, de juiste voorraad, flexibele logistiek, vakkundig personeel en uitgebreide webshop.",,1405.0,1430.0,5.0,1.0,2021-01-01,2021-01-01,0.0,1,1,1,1,0,1
5,5.0,bouwonline.com,https://www.bouwonline.com/,bouwmaterialen,84.13,0.07,7.0,7.0,1029.0,3.0,42.0,79.0,334.0,45.0,44.0,4.0,37.0,"['BouwOnline.com', 'BouwOnline.com', 'None', 'Empty cart', 'Werkbladen', 'Combinatievloeren', 'Okoume multiplex deurplaat 40 mm blank (overige maten)', 'Populieren gegrond 18 mm 250 x 122cm', 'Wapeningskorf prefab open & gesloten kop 10 mm (betonmaat 350 x 500 x 3000mm)', 'OSB 3 18 mm 244 x 122cm - mes & groef langszijden', 'Medite® MDF vochtwerend 18 mm 244 x 122cm', 'Medite® Tricoya® MDF 18 mm 244 x 122cm', 'Reginox spoelbak Ohio Midnight Sky 50x40 R25970', 'Agnes® wandplaten wit stuc 2600 x 600 x 12 mm (2 stuks)', 'Agnes® wandplaten wit stuc 2600 x 600 x 12 mm (2 stuks)', 'Placeholder', 'Medite® Tricoya® MDF 18 mm 244 x 122cm', 'Reginox spoelbak Ohio Midnight Sky 50x40 R25970', 'Agnes® wandplaten wit stuc 2600 x 600 x 12 mm (2 stuks)', 'Agnes® wandplaten wit stuc 2600 x 600 x 12 mm (2 stuks)', 'None', 'Placeholder', 'Medite® Tricoya® MDF 18 mm 244 x 122cm', 'Reginox spoelbak Ohio Midnight Sky 50x40 R25970', 'Agnes® wandplaten wit stuc 2600 x 600 x 12 mm (2 stuks)', 'Gevelbekleding', 'Deuren & Kozijnen', 'Afvalcontainers', 'Dakmaterialen', 'Houten Werkbladen', 'Bouwfolies', 'Combinatievloeren', 'BouwOnline.com', 'ideal', 'mistercash', 'banktransfer', 'directebanking']",1651,Bouwmaterialen online voor klussers en bouwers - BouwOnline.com,"Dé grootste online bouwmaterialen shop voor hout, gevelbekleding, afvalcontainers en alle grote merken. Vandaag besteld is morgen in huis. ",,1362.0,2605.0,21.0,93.0,2021-01-01,2021-01-01,0.0,1,1,1,1,0,0
6,6.0,huisman.nl,https://www.huisman.nl/bouwmaterialen/,bouwmaterialen,84.13,,1.0,7.0,442.0,5.0,0.0,0.0,166.0,81.0,17.0,45.0,7.0,"['Huisman.nl', 'None', 'None', 'None', 'None', 'None', 'Betaalmethodes']",150,,,,724.0,2025.0,3.0,13.0,2000-01-01,2000-01-01,0.0,0,0,0,0,1,0
7,7.0,pontmeyer.nl,https://www.pontmeyer.nl/,bouwmaterialen,84.13,0.42,4.0,1.0,613.0,5.0,53.0,23.0,58028.0,76.0,38.0,44.0,28.0,"['PontMeyer', 'PontMeyer', 'PONT2105_Webads_Bouwkrant_mei_320x300px_DEF9.jpg', 'Vloerverwarming.png', 'Elektrische vloer en wandverwarming', 'Laminaat.png', 'Laminaat 4v-groef', 'inkoopkaart-pontmeyer.png', 'vuren c geschaafd 50x75x3600', 'underlayment 18mm topfloor vuren tong en groef 2440x1220x18', 'duraprime 90mu wit gegrond 15 jaar garantie 2500x1220x18', 'None', 'elektrische vloer en wandverwarming set met wifi  4,8m2', 'None', 'None', 'None', 'None', 'None', 'None', 'None', 'None', 'icon next day delivery', 'icon location', 'icon drive in', 'icon free delivery', 'AlexanderOnzeAmbassadeurs (3).png', 'Registreer uw PontBonus kaart', 'Ideal']",430,PontMeyer | Beter bouwen met - PontMeyer ,Iedereen bouwt beter met Pontmeyer dankzij uitgebreid assortiment en professioneel advies,,2962.0,4060.0,4.0,50.0,2021-01-01,2021-01-01,0.0,1,1,0,0,0,0
8,8.0,ad.nl,https://www.ad.nl/wonen/prijzen-voor-bouwmaterialen-rijzen-de-pan-uit~a0314697/,bouwmaterialen,84.13,0.0,0.0,0.0,0.0,0.0,,,1814201.0,89.0,42.0,76.0,2.0,"['dpg media logo', 'AD']",0,DPG Media Privacy Gate,,,,,,,,,,1,0,0,0,1,0
9,9.0,bouwmaterialenkopen.com,https://www.bouwmaterialenkopen.com/,bouwmaterialen,84.13,1.22,8.0,3.0,137.0,9.0,32.0,294.0,130.0,64.0,38.0,21.0,58.0,"['None', 'logo', 'help nodig', 'Laagste prijsgarantie', 'Kiyoh Rating', 'Thuiswinkel Waarborg', 'Thuiswinkel Waarborg', 'Thuiswinkel Waarborg', 'Thuiswinkel Waarborg', 'Thuiswinkel Waarborg', 'Betonblokken', 'Betonblokken', 'Betonblokken', 'Betonblokken', 'Betonblokken', 'Betonblokken', 'Betonblokken', 'Kalkzandsteen', 'Kalkzandsteen', 'Kalkzandsteen', 'Kalkzandsteen', 'Kalkzandsteen', 'Kalkzandsteen', 'Kalkzandsteen', 'Metselstenen', 'Metselstenen', 'Metselstenen', 'Metselstenen', 'Metselstenen', 'Metselstenen', 'Hout/Plaat', 'AfterPay NL B2B Digital Invoice', 'iDEAL', 'MasterCard', 'Visa', 'Bank transfer', 'Bancontact', 'Thuiswinkel Waarborg', 'Zwembad Bouwen', 'Garage Bouwen', 'Binnenmuur Maken', 'Buitenmuur Maken', 'Tuinmuur Maken', 'Ga voor de beste prijs-kwaliteit verhouding en kies voor betonblokken uit de acties en partij aanbiedingen.', 'Alle acties en aanbiedingen zijn tijdelijk. Dat betekent dat wij van deze metselstenen alleen beperkte partijen hebben (op is op) of dat wij alleen een tijdelijke korting kunnen bieden.', 'Ga voor de beste prijs-kwaliteit verhouding en kies voor kalkzandsteen uit acties en partij aanbiedingen.', 'Gasbetonblokken, oftewel cellenbetonblokken, vindt u hier in allerlei afmetingen. Ze zijn licht, krachtig, veilig en eenvoudig te verwerken. ', 'Betonblokken 30x10x20cm (2e keus)', 'Kalkzandsteen lijmblok 43,7x10x19,8cm', 'Waalformaat Massief Vuilwerk metselstenen', 'Betonblokken 29x20x19cm', 'Cellenbetonblokken 60x10x40cm', 'Kalkzandsteen metselsteen Maasformaat 21,4x10,2x8,2cm', 'Kalkzandsteen metselsteen Maasformaat 21,4x10,2x8,2cm', 'Laagste prijsgarantie', 'Kiyoh Rating', 'Thuiswinkel Waarborg', 'logo']",445,Brok Bouwmaterialen | Voor al uw bouwmaterialen | Sinds 1944 - Brok Bouwmaterialen,De Goedkoopste Bouwmaterialen Koop Je Online! ✅ De Laagste Prijsgarantie! ✅ Binnen 7 werkdagen geleverd ✅ Achteraf betalen ✅ Thuiswinkel Waarborg ✅ Brok Bouwmaterialen,,1000.0,1669.0,4.0,9.0,2021-04-22,2021-04-22,0.0,1,1,1,1,1,0
10,10.0,sleiderink.nl,https://www.sleiderink.nl/bouwmaterialen,bouwmaterialen,84.13,1.24,6.0,43.0,364.0,4.0,43.0,49.0,428.0,58.0,17.0,27.0,14.0,"['Sleiderink logo', 'Sakrete Betonmortel', 'Sakrete Metselmortel zonder kalk', 'Sakrete Zandcement Mortel', 'Sakrete Snelbetonmortel (snelbeton)', 'Sakrete Egalisatiemortel EM30', 'Knauf Rotband', 'Knauf Fix & Finish', 'Faay Spaanplaat Veer 1000 mm', 'Faay Stellat', 'Faay Stellat VP70 2500 mm', 'RVS zelfborende bouten (tbv Golfplaten) 6,5 x 130 mm', 'Metal Stud C100-profiel ', 'Bouwmaterialen']",665,Bouwmaterialen | Sleiderink.nl | Altijd Scherp!,"Zoek je Bouwmaterialen? Goed Advies, Scherpe Prijzen en Snelle Levering! Sleiderink is de nummer 1 in (online) Bouwmaterialen. Bestel nu in de Webshop!",,918.0,1019.0,4.0,1.0,2017-01-01,2021-01-01,1461.0,1,1,1,1,1,1
11,11.0,bol.com,https://www.bol.com/nl/m/bouwmaterialen/,bouwmaterialen,84.13,0.29,0.0,0.0,0.0,0.0,13.0,117.0,86756300.0,92.0,48.0,75.0,0.0,[],1725,,,,528.0,633.0,4.0,6.0,,,,0,0,0,0,1,0
12,12.0,gamma.nl,https://www.gamma.nl/assortiment/k/bouwmaterialen,bouwmaterialen,84.13,3.11,5.0,38.0,69.0,10.0,43.0,71.0,45674.0,83.0,17.0,21.0,9.0,"['None', 'None', 'footer GAMMA', 'Logo Thuiswinkel waarborg', 'facebook', 'instagram', 'Pinterest', 'twitter', 'Youtube']",497,GAMMA | Bouwmaterialen kopen? Van dakgoten tot gipsplaten,Bouwmaterialen nodig? Bij GAMMA vindt u alles wat u nodig heeft voor uw (ver)bouwklus. Bekijk het assortiment in de bouwmarkt of online.,,670.0,991.0,3.0,3.0,2021-01-01,2021-01-01,0.0,1,1,1,1,1,0
13,13.0,karwei.nl,https://www.karwei.nl/assortiment/k/bouwmaterialen,bouwmaterialen,84.13,2.64,5.0,52.0,88.0,10.0,43.0,71.0,59076.0,81.0,30.0,54.0,9.0,"['None', 'None', 'footer KARWEI', 'None', 'Logo Thuiswinkel waarborg', 'None', 'None', 'None', 'None']",359,KARWEI | Bouwmaterialen kopen?,"Wil je bouwmaterialen kopen om je tuin te verbouwen, je huis te isoleren of je muren te stucen? Vind alle benodigde bouwmaterialen online bij KARWEI!",,700.0,1096.0,3.0,3.0,2021-01-01,2021-01-01,0.0,1,1,1,1,1,0
14,14.0,verdouw.nu,https://www.verdouw.nu/,bouwmaterialen,84.13,0.99,1.0,10.0,158.0,6.0,27.0,218.0,375.0,71.0,24.0,38.0,9.0,"['None', 'None', 'None', 'None', 'None', 'None', 'None', 'None', 'None']",62,Bouwmaterialen - Morgen brengen | Totaalleverancier voor de bouw,,,730.0,1858.0,2.0,1.0,2021-01-01,2021-01-01,0.0,1,0,1,0,0,0
15,15.0,houtenbouwmaterialen.nl,https://www.houtenbouwmaterialen.nl/bouwmaterialen,bouwmaterialen,84.13,1.98,6.0,7.0,298.0,13.0,12.0,89.0,2415.0,74.0,38.0,30.0,0.0,,577,Bouwmaterialen online bestellen | Houtenbouwmaterialen.nl  | Hout en Bouwmaterialen,,,,,,,,,,1,0,1,0,1,0
16,16.0,houtenbouwmaterialen.nl,https://www.houtenbouwmaterialen.nl/,bouwmaterialen,84.13,0.7,7.0,13.0,273.0,13.0,37.0,424.0,2415.0,74.0,38.0,30.0,0.0,,305,,,,1344.0,2234.0,7.0,1.0,,,,0,0,0,0,1,0
17,17.0,stmiddelkoop.nl,https://www.stmiddelkoop.nl/bouwmaterialen/,bouwmaterialen,84.13,0.72,3.0,14.0,783.0,16.0,67.0,56.0,143693.0,77.0,22.0,38.0,0.0,,337,St. Middelkoop - Bouwmaterialen en bouwproducten,Bouwmaterialen hebben we ruimschoots op voorraad. Bouwen begint bij Middelkoop. En het beste bouwadvies gaat gepaard met de beste producten voor jouw klus!,,,,,,2021-01-01,2021-01-01,0.0,1,1,1,1,1,0
18,18.0,praxis.nl,https://www.praxis.nl/bouwmaterialen/b1/,bouwmaterialen,84.13,0.93,4.0,17.0,519.0,14.0,43.0,71.0,576436.0,86.0,41.0,19.0,34.0,"['None', 'None', 'OSB paneel 18mm 244x59cm', 'Douglas plank ruw 22x190mm 300cm', 'Schaaflat eiken 19x195mm 250cm', 'Praxis plus', 'Praxis plus', 'Douglas grijs reliëf 30x195mm 250cm', 'Schaaflat eiken 19x60mm 250cm', 'Schaaflat eiken 19x25mm 250cm', 'Altrex reformladder All Round 3 x 9-treeds', 'CanDo steigerhout plank onbehandeld vuren 30x195mm 250cm', 'Altrex reformladder All Round 3 x 12-treeds', 'CanDo steigerhout plank vuren vergrijsd 30x195mm 250cm', 'Altrex vouwladder Varitrex Plus 4 x 3-treeds', 'Altrex huishoudtrap Double Decker 6-treeds', 'Geschaafd steigerhout plank vuren 27x190mm 250cm', 'Altrex huishoudtrap Double Decker 5-treeds', 'CanDo steigerhout plank vuren verouderd 30x195mm 250cm', 'Altrex huishoudtrap Double Decker 8-treeds', 'Altrex huishoudtrap Double Decker 3-treeds', 'CanDo steigerhout verbindingslat onbehandeld vuren 30X62mm 250cm', 'Altrex vouw- en rolsteiger met wielset 3400 module A', 'Altrex vouw- en rolsteiger 3400 module B', 'CanDo steigerhout verbindingslat vuren vergrijsd 30x62mm 250cm', 'JéWé trapleuninghouder Helsinki aluminium 2 stuks', 'Dumaclin gevelbekleding grijs', 'Altrex vouw- en rolsteiger 3400 module C', 'Ontdek het op Google Play', 'None', 'None', 'None', 'None', 'None']",455,Bouwmaterialen voor iedere bouwklus | Praxis ,"Bouwmaterialen voor dakbedekking, isolatie of een andere klus nodig? Bekijk en reserveer bouwmaterialen zoals hout en steigers direct op Praxis.nl. ",,1378.0,3784.0,6.0,59.0,2017-01-01,2019-01-01,730.0,1,1,1,1,1,0
19,19.0,raabkarcher.nl,https://www.raabkarcher.nl/bouwmaterialen,bouwmaterialen,84.13,3.98,3.0,15.0,24.0,6.0,59.0,59.0,977.0,85.0,,39.0,1.0,['Raab Karcher | Hoeksteen van de bouw'],169,Bouwmaterialen van Raab Karcher,"Bouwmaterialen van Raab Karcher | 60.000 bouwmaterialen in ons assortiment | 37 vestigingen door heel Nederland of voor 15.00u besteld, morgen bezorgd",,,,,,2015-01-01,2015-01-01,0.0,1,1,1,1,1,0
20,20.0,debouwmarktshop.nl,https://www.debouwmarktshop.nl/,bouwmaterialen,84.13,0.43,3.0,9.0,348.0,16.0,42.0,79.0,344.0,67.0,22.0,23.0,0.0,,504,De Bouwmarktshop.nl - Dé Online Bouwmarkt voor jouw klus!,"Online Bouwmaterialen voor zowel de vakman als consument. Bestel direct voor lage prijzen, levering in Nederland & België ✓ Verbouw binnen budget ✓ Altijd persoonlijk contact ✓ Professionele Bouwmaterialen ✓ Flexibel, Snel & To the point ✓ Speciale services zoals montage",,2414.0,2940.0,6.0,68.0,2021-01-01,2021-01-01,0.0,1,1,0,1,0,0
21,21.0,gebruiktebouwmaterialen.com,https://gebruiktebouwmaterialen.com/,bouwmaterialen,84.13,0.0,8.0,7.0,197.0,7.0,117.0,77.0,208.0,73.0,22.0,33.0,0.0,,57,Gebruiktebouwmaterialen.com | Circulaire Bouwmarkt,,,1246.0,2120.0,3.0,16.0,2013-01-01,2013-01-01,0.0,1,0,1,0,1,0
22,22.0,oke-bouwmaterialen.nl,https://www.oke-bouwmaterialen.nl/,bouwmaterialen,84.13,0.3,6.0,7.0,598.0,11.0,30.0,4.0,628.0,62.0,11.0,11.0,54.0,"['OKe-Bouwmaterialen.nl', 'OKe-Bouwmaterialen.nl', 'Empty cart', 'Qshops Keurmerk', 'Qshops Keurmerk', 'Qshops Keurmerk', 'Tempex EPS100 1000x1000x50 mm', 'Gipsplaat AK 2600x600x12,5 mm waterwerend groen', 'MDF plaat 2440x1220x18 mm', 'OSB-3 plaat 2440x1220x18 mm tong en groef', 'Gipsplaat AK standaard 3600x1200x12,5 mm', 'Rockwool 210 1200x600x100 mm Bouwplaat isolatie', 'Vurenhout geschaafd 50x75x4800 mm', 'Hardhout multiplex plaat 2440x1220x18 mm', 'Rockwool 123 5000x600x100 mm Spijkerflensdeken', 'OSB-3 2440x610x18 mm 4-zijdig tong en groef', 'Gipsplaten RK standaard 2600x600x9,5 mm', 'Klantenservice', 'Rockwool 210 1200x600x100 mm Bouwplaat isolatie', 'Vurenhout geschaafd 50x75x4800 mm', 'Hardhout multiplex plaat 2440x1220x18 mm', 'Rockwool 123 5000x600x100 mm Spijkerflensdeken', 'OSB-3 2440x610x18 mm 4-zijdig tong en groef', 'Klantenservice', 'Rockwool 210 1200x600x100 mm Bouwplaat isolatie', 'Vurenhout geschaafd 50x75x4800 mm', 'Hardhout multiplex plaat 2440x1220x18 mm', 'Rockwool 123 5000x600x100 mm Spijkerflensdeken', 'OSB-3 2440x610x18 mm 4-zijdig tong en groef', 'Vialit Oecophalt Asfalt Reparatie Reactive 0/4', 'Vialit Primer voor Asfalt Reparatie Reactive 0/4', 'Vialit Refug Asfalt Reparatie koude voegvuller 285 ml', 'Vurenhout geschaafd kopmaat 100x200 mm', 'Vurenhout geschaafd kopmaat 75x250 mm', 'Vurenhout geschaafd kopmaat 75x200 mm', 'Vurenhout geschaafd kopmaat 75x225 mm', 'Vurenhout geschaafd kopmaat 75x175 mm', 'Vurenhout geschaafd kopmaat 63x160 mm', 'Vurenhout geschaafd kopmaat 63x175 mm', 'Hout', 'Plaat', 'Isolatie', 'Gipsplaten', 'VBI PS Renovatievloer', 'VBI PS Renovatievloer', 'OKe-Bouwmaterialen.nl Bouwmaterialen Online', 'banktransfer', 'paypal', 'mastercard', 'visa', 'americanexpress', 'ideal', 'Qshops Keurmerk', 'Qshops Keurmerk']",1626,Bouwmaterialen online bestellen - OKe-Bouwmaterialen.nl,Bouwmaterialen online bestellen bij OKe-Bouwmaterialen.nl voor al uw bouwmaterialen. Wij leveren bouwmaterialen aan bedrijven en particulieren.,,,,,,2021-01-01,2021-01-01,0.0,1,1,1,1,1,1
23,23.0,wikipedia.org,https://nl.wikipedia.org/wiki/Bouwmateriaal,bouwmaterialen,84.13,0.64,6.0,20.0,162.0,70.0,138.0,105.0,407603243.0,100.0,69.0,98.0,0.0,,1381,Bouwmateriaal - Wikipedia,,,,,,,2010-08-20,2021-02-02,3819.0,1,0,0,0,0,0
24,24.0,bouwmaterialen-nederland.nl,http://www.bouwmaterialen-nederland.nl/,bouwmaterialen,84.13,3.74,6.0,11.0,64.0,1.0,24.0,2.0,20.0,43.0,41.0,,13.0,"['actie', 'contact bouwmaterialen nederland', 'None', 'None', 'None', 'None', 'leverdagen bouwmaterialen nederland', 'None', 'None', 'None', 'None', 'None', 'None']",693,"Bouwmaterialen Nederland | bouwmaterialen, keralit, keraliet tegen een scherpe bouwmaterialen prijzen!","Bouwmaterialen tegen scherpe bouwmaterialen prijzen! Webshop bouwmaterialen-nederland.nl koopt direct in bij de fabriek, uw en ons voordeel! Kijk op de webshop voor al onze artikelen!",,,,,,2011-01-01,2011-01-01,0.0,1,1,1,1,1,1
25,25.0,witzand.nl,https://www.witzand.nl/assortiment/bouwmaterialen/,bouwmaterialen,84.13,3.26,5.0,2.0,109.0,19.0,13.0,95.0,57805.0,68.0,22.0,24.0,19.0,"['logo', 'image', 'image', 'image', 'None', 'None', 'None', 'None', 'None', 'None', 'None', 'None', 'None', 'None', 'None', 'None', 'None', 'img', 'youtube icon']",543,Bouwmaterialen | Witzand Bouwmaterialen,Ons assortiment bij Witzand Bouwmaterialen bestaat uit tal van bouwmaterialen. Veel bouwproducten zijn uit voorraad leverbaar maar ook veel materialen leveren wij just in time bij jou op de bouw.,,999.0,1486.0,4.0,2.0,2019-01-01,2019-01-01,0.0,1,1,1,1,1,0
26,26.0,bouwcenter.nl,https://www.bouwcenter.nl/driessen/bouwmaterialen/,bouwmaterialen,84.13,1.61,5.0,5.0,51.0,10.0,,,58028.0,77.0,38.0,40.0,8.0,"['None', 'None', 'None', 'None', 'None', 'None', 'None', 'None']",261,Bouwmaterialen | Bouwcenter,,,,,,,2008-01-01,2021-01-01,4749.0,1,0,1,0,1,0
27,27.0,veldhovense.nl,https://www.veldhovense.nl/bouwmaterialen,bouwmaterialen,84.13,4.93,5.0,7.0,41.0,2.0,,,64.0,32.0,64.0,8.0,24.0,"['Veldhovense Bouwmaterialen BV', 'Ruwe bouwmaterialen', 'Materialen voor afbouw', 'Materialen voor isolatie', 'Wand- en vloertegels', 'Ruwe bouwmaterialen geel', ' Ruwe bouwmaterialen dakpannen', 'Ruwe bouwmaterialen gestapeld', 'Ruwe bouwmaterialen cement', 'Ruwe bouwmaterialen bakstenen', 'Ruwe bouwmaterialen rode baksteen', 'Ruwe bouwmaterialen tegels', 'Ruwe bouwmaterialen beton', 'Ruwe bouwmaterialen pakken', 'Ruwe bouwmaterialen ijzerwaren', 'Ruwe bouwmaterialen stoepstenen', 'Ruwe bouwmaterialen metselmortel', 'Afbouwmateriaal pakketten ', 'Afbouwmateriaal stuchulpmiddelen', 'Afbouwmateriaal stuken', 'Afbouwmateriaal gipsmortel', 'De merken bij Veldhovense Bouwmaterialen BV', 'Veldhovense Bouwmaterialen BV', 'Veldhovense Bouwmaterialen BV']",300,Alles voor uw klus - Veldhovense Bouwmaterialen,"Ruwe bouwmaterialen, afbouwmateriaal, isolatiemateriaal, of wand- en vloertegels nodig? Veldhovense Bouwmaterialen uit Veldhoven levert het allemaal.",,,,,,2016-01-25,2016-01-25,0.0,1,1,1,1,1,1
28,28.0,nelemans.nl,https://www.nelemans.nl/bouwcenter/bouwmaterialen/,bouwmaterialen,84.13,2.28,3.0,8.0,134.0,52.0,,,4040.0,58.0,32.0,21.0,55.0,"['None', 'None', 'Bouwmarkt Roosendaal - Bouwcenter Nelemans', 'None', 'None', 'None', 'None', 'None', 'None', 'None', 'None', 'None', 'None', 'None', 'None', 'None', 'None', 'None', 'None', 'None', 'None', 'None', 'None', 'None', 'None', 'None', 'None', 'None', 'None', 'None', 'None', 'None', 'None', 'None', 'None', 'None', 'None', 'None', 'None', 'None', 'None', 'None', 'None', 'None', 'None', 'None', 'None', 'None', 'None', 'None', 'None', 'None', 'None', 'None', 'None']",453,Bouwmaterialen kopen? Ruim 15.000 op Voorraad | Bouwcenter Nelemans,"Bouwmaterialen voor je project. Scherpe prijzen. Professionele kwaliteit. Voor zakelijk & particulier. (Online)bestellen, bezorgen & afhalen.",,,,,,2020-12-02,2021-02-24,84.0,1,1,1,1,1,0
29,29.0,houthandelonline.nl,https://www.houthandelonline.nl/bouwmaterialen,bouwmaterialen,84.13,0.81,4.0,15.0,377.0,6.0,14.0,99.0,895.0,75.0,74.0,33.0,61.0,"['Houthandel Online Logo', 'None', 'HouthandelOnline', 'HouthandelOnline', 'HouthandelOnline', 'HouthandelOnline', 'HouthandelOnline', 'HouthandelOnline', 'HouthandelOnline', 'HouthandelOnline', 'HouthandelOnline', 'HouthandelOnline', 'HouthandelOnline', 'HouthandelOnline', 'Subcategorie pagina', 'Categorie pagina', 'Subcategorie pagina', 'Categorie pagina', 'Subcategorie pagina', 'Categorie pagina', 'Subcategorie pagina', 'Categorie pagina', 'Subcategorie pagina', 'Categorie pagina', 'Subcategorie pagina', 'Categorie pagina', 'Subcategorie pagina', 'Categorie pagina', 'Kwaliteit', 'Groot assortiment', 'Lage prijzen', 'Persoonlijk advies', 'Veilig online betalen', 'Veilig online betalen', 'Veilig online betalen', 'Veilig online betalen', 'Veilig online betalen', 'Veilig online betalen', 'Veilig online betalen', 'Veilig online betalen', 'Veilig online betalen', 'Veilig online betalen', 'Veilig online betalen', 'Veilig online betalen', 'Veilig online betalen', 'Veilig online betalen', 'Facebook-icoon', 'Instagram-icoon', 'LinkedIn-icoon', 'YouTube-icoon', 'iDeal', 'MasterCard', 'Visa', 'Mister Cash', 'Overboeking', 'iDeal', 'MasterCard', 'Visa', 'Mister Cash', 'Overboeking', 'None']",42,Groot aanbod bouwmaterialen hout bij Houthandelonline,"Een uitgebreid aanbod aan bouwmaterialen vind je op Houthandelonline. Bijvoorbeeld dak-, isolatie en stukadoorsmaterialen. Ook verkopen wij gips en fermacell.",,378.0,514.0,2.0,6.0,2021-01-01,2021-01-01,0.0,1,1,1,1,1,0
30,30.0,jongeneel.nl,https://www.jongeneel.nl/,bouwmaterialen,84.13,0.07,4.0,5.0,638.0,5.0,84.0,107.0,68238.0,76.0,2.0,39.0,0.0,,114,Jongeneel | Houthandel voor iedereen die bouwt of klust,"Welkom bij Jongeneel, al 220 jaar dé houthandel voor iedereen die bouwt of klust . 42 vestigingen - 6 dagen per week geopend . Webshop - 24/7 bestellen",,2454.0,2733.0,4.0,9.0,2021-01-01,2021-01-01,0.0,1,1,0,0,0,0
31,31.0,kombibouwmaterialen.nl,https://www.kombibouwmaterialen.nl/producten/bouwmaterialen/,bouwmaterialen,84.13,3.01,3.0,7.0,100.0,6.0,,,1699.0,64.0,31.0,19.0,19.0,"['KOMBI Bouwmaterialen', 'KOMBI Bouwmaterialen', 'Leveren KOMBI bigbags', 'Bouwstaalmatten', 'Suportligger', 'Xella Silka', 'Poriso steen wienerberger', 'Engels baksteen', 'Gevelsteen oranje bruin dichtbij', 'EPS', 'Rockwool', 'Xella Ytong', 'EPS platen', 'Wienerberger dakpan', 'Begin/eind vorst', 'Tegels showroom Sint Oedenrode', 'Trappen en radios in profshop Sint Oedenrode', 'Magazijn met bouwmaterialen', 'None']",252,Bouwmaterialen - KOMBI Bouwmaterialen,Op deze pagina hebben wij een overzicht gemaakt van de bouwmaterialen die wij verkopen. Heb je vragen? Neem gerust contact op!,,,,,,2018-03-08,2021-05-18,1167.0,1,1,1,1,1,1
32,32.0,crijnsbouwmaterialen.nl,https://www.crijnsbouwmaterialen.nl/nl/bouwmaterialen-kopen,bouwmaterialen,84.13,2.58,4.0,15.0,28.0,3.0,,,4.0,30.0,38.0,,0.0,,417,Bouwmaterialen kopen | Crijns Bouwmaterialen B.V.,"Wij verkopen bouwmaterialen in de vorm van balken, tegels voor binnenruimtes, tegels voor buiten, isolatiematerialen, stenen, zand en staal.",,,,,,,,,1,1,1,1,1,0
33,33.0,coppushorst.nl,https://coppushorst.nl/bouwmaterialen/,bouwmaterialen,84.13,4.38,4.0,5.0,106.0,1.0,,,8.0,33.0,38.0,,10.0,"['Coppus Bouwmaterialen Horst', 'Coppus Bouwmaterialen Horst', 'Coppus Bouwmaterialen Horst', 'blank', 'Botament A 220', 'Botament G 110', 'Botament G 120', 'Botament G 140', 'Glazen bouwsteen', 'Verdiepingsvloeren']",55,Bouwmaterialen Archieven - Coppus Bouwmaterialen Horst,,,,,,,2020-01-31,2020-01-31,0.0,1,0,1,0,1,1
34,34.0,joostdevree.nl,https://www.joostdevree.nl/shtmls/bouwmaterialen.shtml,bouwmaterialen,84.13,7.14,0.0,0.0,34.0,4.0,13.0,1.0,7476.0,69.0,57.0,49.0,5.0,"['None', 'None', 'None', 'None', 'None']",53,bouwmaterialen,bouwmaterialen,,,,,,,,,1,1,1,1,1,0
35,35.0,vlaandergroep.nl,https://www.vlaandergroep.nl/bouwmaterialen/,bouwmaterialen,84.13,1.69,4.0,11.0,47.0,12.0,43.0,95.0,88.0,60.0,18.0,,11.0,"['Vlaandergroep logo', '600_bouwmaterialen.png', '100_icons_0007_vector_smart_object.png', '100_icons_0006_vector_smart_object.png', '100_icons_0004_vector_smart_object.png', '100_icons_0003_vector_smart_object.png', 'None', 'None', 'None', 'None', 'Vlaander Groep']",377,Welkom > Bouwmaterialen - Vlaander Groep,,,,,,,2021-01-01,2021-01-01,0.0,1,0,1,0,1,1
36,36.0,hout-en-bouwmaterialen.nl,http://www.hout-en-bouwmaterialen.nl/,bouwmaterialen,84.13,2.61,2.0,7.0,109.0,1.0,0.0,0.0,604.0,72.0,32.0,38.0,2.0,"['None', 'Uw leverancier voor hout en bouwmaterialen voor nieuwbouw, verbouwing en renovatie: BPG Boxtel']",395,"Bouwmaterialen | Hout & bouwmaterialen voor nieuwbouw, verbouwing en renovatie - BPG BouwPartner Groep","Hout & bouwmaterialen voor particulier en professional in de bouw. Bouwmaterialen voor nieuwbouw, verbouwing en renovatie. Levering in geheel Nederland. BPG Boxtel",,,,,,2000-01-01,2012-01-01,4383.0,1,1,1,1,1,1
37,37.0,bpgdejonge.nl,https://www.bpgdejonge.nl/bouwmaterialen/,bouwmaterialen,84.13,0.0,1.0,0.0,0.0,0.0,,,40028.0,66.0,38.0,20.0,0.0,[],9,Op zoek naar Bouwmaterialen? Topkwaliteit bij BPG de Jonge!,Bezoek onze bouwmaterialenhandel voor Bouwmaterialen. Uitstekende service en ruime openingstijden. Gevestigd in s-Heer Arendskerke / Zeeland.,,,,,,2015-01-01,2015-01-01,0.0,1,1,1,1,1,0
38,38.0,hetjagershuis.com,https://www.hetjagershuis.com/c-4257901/bouwmaterialen/,bouwmaterialen,84.13,0.22,2.0,1.0,87.0,21.0,,,30.0,44.0,12.0,,23.0,"[""'t Jagershuis"", 'Stenen marmeren wasbak wasbakje gootsteen gootsteenbakje 41 x 41 x 17 cm', 'Origineel oud vergrijsd houten kozijn venster paneel 110 x 46 cm Wandpaneel met metalen frame hek hekwerk erin industrieel landelijk hout ijzer', 'Oude vergrijsd houten Chinese deur deuren poort wand wandje kamerscherm Roomdivider  poorten wandpaneel decoratie renovatie Luiken Wandpaneel tafel tafelblad luik paneel stoer landelijk met origineel oud beslag', 'Grote oude houten dubbele deur poort in kozijn landelijk stoer 274 x 136,5', 'Originele oude houten trap landelijk boerderij trap stoer robuust antiek', 'Prachtige oude dubbele deuren in kozijn glas met bovenlicht 285 x 112 x 14 cm', 'Oude set houten deuren poort wandpaneel wanddecoratie met origineel oud metalen beslag landelijk stoer robuust', 'Prachtige grote oude houten deur poort paneel 177 x 79 x 7 cm wandpaneel decoratie landelijk stoer oosters', 'Prachtige vergrijsd houten dubbele deur deuren in kozijn. met origineel oud beslag 206 x 140 x 11 cm landelijk stoer paneel wanddecoratie gebruik', 'Originele oude houten dichte trap vergrijsd landelijk stoer boerderij hooizoldertrap', 'Prachtige oude dubbele deuren in kozijn glas met bovenlicht 282 x 114 x 14 cm', 'Grote oude set unieke dubbele deuren poort deur poorten golfplaat metaal hout landelijk stoer industrieel', 'Grote oude set unieke dubbele deuren poort deur poorten golfplaat metaal hout landelijk stoer industrieel', 'Zwaar gietijzeren ornament muuranker roest landelijk stoer industrieel vintage', 'Stoere stevige oud houten trap ladder landelijk industrieel stoer 260 x 59 cm', 'Stoere stevige oud houten trap ladder landelijk industrieel stoer 260 x 59 cm', 'Stoere stevige oud doorleefd houten trap ladder landelijk rek schap zoldertrap vliering industrieel stoer 213 x 54 cm', 'Zwaar gietijzeren ornament muuranker roest landelijk stoer industrieel vintage', 'Oude vergrijsd houten luiken kozijn  stalraam landelijk venster landelijke stijl brocant vintage doorleefd sleets  oud hout', 'ideal', 'belfius', 'bancontant']",439,,,,,,,,2009-01-01,2021-01-01,4383.0,0,0,0,0,1,0
39,39.0,groenebouwmaterialen.nl,https://www.groenebouwmaterialen.nl/,bouwmaterialen,84.13,0.28,5.0,12.0,486.0,6.0,17.0,3.0,1715.0,68.0,17.0,27.0,59.0,"['GroeneBouwmaterialen.nl | Ecologische bouwmaterialen', 'GroeneBouwmaterialen.nl | Ecologische bouwmaterialen', 'GroeneBouwmaterialen.nl | Ecologische bouwmaterialen', 'None', 'None', 'None', 'None', 'None', 'None', 'None', 'None', 'None', 'None', 'None', 'None', 'Unilit Riva', 'Horsemen Horsemen Wood Care Onzichtbare Wasolie', 'Pro Clima Solitex Fronta Quattro FB', 'Elka ESB Plus constructieplaat, pallet', 'Isolena  Premium schapenwolisolatie, rol', 'Gutex Thermoflex, pak', 'Tierrafino Base S2, zonder stro, bruin leem, Aardvochtig', 'Agepan DWD Protect constructieplaat', 'Metisse Katoen isolatie PM, pak', 'Allbäck  Lijnolieverf Kleur', 'Riva', 'Gutex Thermoflex, pak', 'Isolena  Optimal schapenwolisolatie, rol', 'Gutex Thermoflex, pallet', 'Elka ESB Plus constructieplaat, pallet', 'Chamotte tegel, groot', 'Thermo Natur Hennep Premium - Pallet', 'Unilit Cortex', 'Horsemen Deck Care', 'Horsemen Stone Betonprotectie', 'Isolatie', 'Luchtdichting', 'Hout & Plaat', 'Stuc', 'Leem', 'Vuurvaste materialen', 'Berg  & Berg Parket', 'Uitverkoop', 'Stucsystemen', 'Natuurverf', 'Verwarming', 'Allbäck ', 'Auro', 'Gutex', 'Isolena ', 'Kerakoll', 'Kreidezeit', 'Metisse', 'Pro Clima', 'Tierrafino', 'WEM ', 'Vacature: Inhoudsbeheerder, website beheerder', 'Vacature: bureauchef, coördinator, organisator, ', 'Vacature: adviseur/verkoper binnendienst']",533,Groenebouwmaterialen - uw bio bouwmarkt - Groene Bouwmaterialen,Een complete bio- bouwmarkt. Wij zijn gespecialiseerd in ecologische en bio based bouwmaterialen. Bijna al onze producten zijn binnen enkele werkdagen leverbaar.,,1413.0,1662.0,7.0,38.0,2021-04-22,2021-04-22,0.0,1,1,1,1,1,1
40,40.0,bouwmaterialenzeeland.nl,https://www.bouwmaterialenzeeland.nl/,bouwmaterialen,84.13,0.0,1.0,0.0,0.0,0.0,43.0,109.0,6159.0,43.0,38.0,,0.0,[],9,Uw online bouwmarkt voor elke klus - BPG De Jonge - Bouwmaterialen Zeeland,"Bestel u bouwmaterialen direct in onze webshop, snel en voordelig geleverd in Zeeland",,1093.0,1501.0,2.0,6.0,2021-01-01,2021-01-01,0.0,1,1,1,1,1,0
41,41.0,flexbouwmateriaal.nl,https://www.flexbouwmateriaal.nl/,bouwmaterialen,84.13,0.28,2.0,7.0,407.0,10.0,19.0,3.0,99.0,15.0,,,66.0,"['Flex Bouwmaterialen ', 'Flex Bouwmaterialen ', 'None', 'None', 'None', 'None', 'None', 'None', 'None', 'None', 'None', 'None', 'None', 'None', 'None', 'None', 'None', 'None', 'None', 'None', 'None', 'None', 'None', 'None', 'None', 'None', 'None', 'None', 'None', 'None', 'None', 'Copa Verticale radiator T20 Vlakke Voorzijde ', 'Paneelradiator T22 H600 ', 'Paneelradiator T22 H400 ', 'Paneelradiator T22 H500 ', 'Verticale radiator aansluitset ', 'Paneelradiator T21 H600 ', 'Copa Verticale radiator T20 Gestreepte Voorzijde ', 'Paneelradiator T21 H500 ', 'Paneelradiator T33 H400 ', 'Paneelradiator T22 H900 ', 'Rubber Overgangsring ', 'PVC Lijmbocht M/S 22.5° ', 'PVC Lijm Verloopring ', 'Maku  PVC Reparatiemof ', 'PVC Expansiemof M/S Manchet ', 'PVC Lijm T-stuk M/M/S 90° ', 'PVC Lijm T-stuk M/M/S 45° ', 'PVC Eindstuk  + Schroefdeksel REDI ', 'PVC Beluchter Ø32/40 mm ', 'PVC  Universeel Lijmsifon Grijs ', 'Verf', 'Sanitair', 'Laminaat', 'Tegels', ' Vloerverwarming', 'Installatie', 'Verwarming', 'Flex Bouwmaterialen ', 'ideal', 'banktransfer', 'mistercash', 'directebanking', 'maestro', 'mastercard', 'visa']",316,"goedkoopste radiator groothandel van Nederland, bouw materialen, laminaat en tegel handel,  FlexBouwmaterialen B.V. - Flex Bouwmaterialen ",Flex Bouwmaterialen B.V. is gespecialiseerd in de verkoop van bouwmaterialen & radiatoren.  wij zijn de goedkoopste radiator groothandelaar Nederland.  tevens z,,,,,,2021-04-22,2021-04-22,0.0,1,1,1,1,0,1
42,42.0,breukers.nl,https://www.breukers.nl/bouwmaterialen,bouwmaterialen,84.13,1.82,2.0,9.0,229.0,3.0,,79.0,176.0,57.0,31.0,22.0,0.0,,316,Bouwmaterialen | Breukers Bouwmaterialen B.V.,"Wij bieden een groot assortiment aan bouwmaterialen, hout- en plaatmateriaal, sierbestrating, tuinhout, zand & grind, en infra-producten aan voor de particulier, aannemers, hoveniers, loonbedrijven, grondverzetbedrijven, wegenbouwbedrijven, stratenmakers en overheidsinstanties.",,,,,,2021-01-01,2021-01-01,0.0,1,1,1,1,1,0
43,43.0,bouwman-denhaag.nl,https://www.bouwman-denhaag.nl/,bouwmaterialen,84.13,1.12,3.0,15.0,41.0,5.0,771.0,40.0,6.0,51.0,40.0,13.0,20.0,"['Bouwman Bouwmaterialen Den Haag', 'Bouwman Bouwmaterialen Den Haag', 'Bouwman Bouwmaterialen Den Haag', 'Bouwman Bouwmaterialen Den Haag', 'Bouwman Bouwmaterialen Den Haag', 'Bouwman Bouwmaterialen Den Haag', 'Rob Roberti', 'Arjuna Consultancy', 'edwin de lange', 'Big Al', 'Mark dgffhdgp Weber', 'Luciano640701 Vanderwal', 'Wouter De Haan', 'Eric pgn', 'Eric pgn', 'Eric pgn', 'dakmaterialen den haag', 'dakmaterialen den haag', 'dakmaterialen den haag', 'dakmaterialen den haag']",346,Home - Bouwman Bouwmaterialen Den Haag,"Bouwman's groothandel Bouwmaterialen biedt een ruim assortiment dakbedekking materiaal, loodgieters materiaal, pvc buizen en nog veel meer...",,,,,,2019-12-09,2021-02-17,436.0,1,1,1,1,0,1
44,44.0,hormes.nl,https://www.hormes.nl/bouwmaterialen/,bouwmaterialen,84.13,1.23,3.0,11.0,85.0,9.0,,,56.0,76.0,45.0,27.0,24.0,"['None', 'None', 'None', 'None', 'None', 'None', 'None', 'None', 'None', 'None', 'None', 'None', 'None', 'None', 'None', 'None', 'None', 'None', 'None', 'None', 'None', 'None', 'None', 'None']",601,Hormes Bouwmaterialen | Ruim aanbod in Bouwmaterialen ,Alle Bouwmaterialen voor de Bouwprofessional en Gevorderde klusser onder één dak. Bij Hormes vind je een ruim aanbod Bouwmaterialen.,,,,,,2021-01-01,2021-01-01,0.0,1,1,1,1,1,0
45,45.0,ggoedkoop.nl,https://www.ggoedkoop.nl/,bouwmaterialen,84.13,0.73,6.0,9.0,61.0,14.0,110.0,44.0,1822.0,68.0,16.0,25.0,23.0,"['None', 'None', 'None', 'None', 'None', 'None', 'None', 'None', 'None', 'None', 'None', 'None', 'Sakol Plaatmateriaal', 'Sakol Afbouwplaten', 'Sakol Tuinhout', 'Sakol Lijstwerk', 'Sakol Bouwfolie', 'None', 'None', 'None', 'None', 'None', 'None']",113,"Goedkoop Bouwmaterialen
",Goedkoop,,994.0,1565.0,4.0,6.0,2016-01-01,2016-01-01,0.0,1,1,1,0,0,0
46,46.0,eco-bouwmaterialen.nl,https://www.eco-bouwmaterialen.nl/,bouwmaterialen,84.13,0.11,5.0,7.0,369.0,9.0,11.0,196.0,37.0,62.0,38.0,20.0,17.0,"['eco-bouwmaterialen', 'eco-bouwmaterialen', 'eco-bouwmaterialen', 'eco-bouwmaterialen', 'eco-bouwmaterialen', 'eco-bouwmaterialen', 'eco-bouwmaterialen', 'eco-bouwmaterialen', 'eco-bouwmaterialen', 'eco-bouwmaterialen', 'eco-bouwmaterialen', 'eco-bouwmaterialen', 'eco-bouwmaterialen', 'eco-bouwmaterialen', 'eco-bouwmaterialen', 'eco-bouwmaterialen', 'eco-bouwmaterialen']",429,Natuurlijk & duurzaam bouwen | Eco-bouwmaterialen,Op zoek naar producten voor je verbouwing of nieuw project? Eco-bouwmaterialen biedt een ruim aanbod aan duurzame materialen aan. Kijk snel verder.,,2847.0,3552.0,7.0,21.0,2019-04-23,2021-05-17,755.0,1,1,1,1,1,1
47,47.0,pianoo.nl,https://www.pianoo.nl/nl/themas/maatschappelijk-verantwoord-inkopen/buyer-groups/buyer-group-biobased-bouwmaterialen,bouwmaterialen,84.13,0.69,5.0,13.0,626.0,5.0,90.0,25.0,33083.0,90.0,38.0,56.0,2.0,"['Pianoo Logo', 'illustratieve afbeelding']",511,,,,,,,,,,,0,0,0,0,1,0
48,48.0,bakkerdehouthandel.nl,https://www.bakkerdehouthandel.nl/blog/bouwmaterialen/,bouwmaterialen,84.13,0.83,1.0,8.0,117.0,0.0,,,44605.0,68.0,44.0,25.0,4.0,"['None', 'Bakker dé Houthandel', 'bouwmaterialen', 'webshop']",32,Bouwmaterialen  - Bakker dé Houthandel,,,,,,,,,,1,0,1,0,1,1
49,49.0,vanderwalhout.nl,https://www.vanderwalhout.nl/producten/bouwmaterialen,bouwmaterialen,84.13,1.5,5.0,24.0,188.0,1.0,21.0,18.0,92.0,61.0,38.0,,8.0,"['Afbouw', 'Boeidelen', 'Bouwstaalmatten', 'Gipsplaten en toebehoren', 'Isolatie en folie', 'Leadax', 'Plaat materiaal', 'Vurenhout']",98,Bouwmaterialen Archieven - Van der Wal Hout Van der Wal Hout,,,,,,,2017-08-10,2019-10-01,782.0,1,0,1,0,1,0
50,50.0,marktplaats.nl,https://www.marktplaats.nl/u/bloem-gebruikte-bouwmaterialen/24208413/,bouwmaterialen,84.13,0.19,4.0,3.0,123.0,14.0,146.0,10.0,1824573.0,89.0,16.0,73.0,80.0,"['Bloem Gebruikte Bouwmaterialen', 'expand', 'expand', 'expand', 'expand', 'expand', 'expand', 'expand', 'TV meubel', 'TV meubel', 'TV meubel', 'Vluchtladder', 'Veldbrandstenen', 'Veldbrandstenen', 'Veldbrandstenen', 'Deurdranger', 'Deurdranger', 'Deurdranger', 'Paneeldeuren', 'Paneeldeuren', 'Paneeldeuren', 'Vuilnisbak', 'Prullenbak', 'Prullenbak', 'Prullenbak', 'Krukje', 'Bankje', 'Bankje', 'Bankje', 'Bureaustoel', 'Bureaustoel', 'Bureaustoel', 'Kantine Tafel', 'Kantine Tafel', 'Kantine Tafel', 'Brievenbus', 'Brievenbus', 'Brievenbus', 'Wastafel', 'Wastafel', 'Wastafel', 'Tafel met bankjes', 'Tafel met bankjes', 'Tafel met bankjes', 'Eiken parket', 'WC slot', 'Flipover', 'Rokersoverkapping', 'Rokersoverkapping', 'Rokersoverkapping', 'troggen', 'troggen', 'troggen', 'Nietapparaat', 'Statafel', 'Statafel', 'Statafel', 'HR Ketel', 'HR Ketel', 'HR Ketel', 'Design radiator', 'Trap', 'Vluchttrap Brandtrap', 'Vluchttrap Brandtrap', 'Vluchttrap Brandtrap', 'Azobe scheepsplanken', 'Azobe scheepsplanken', 'Azobe scheepsplanken', 'Spiltrap', 'Spiltrap', 'Spiltrap', 'Azobe scheepsplanken', 'Azobe scheepsplanken', 'Azobe scheepsplanken', 'Kozijnen', 'Kozijnen', 'Kozijnen', 'Paneeldeuren', 'Paneeldeuren', 'Paneeldeuren']",612,≥ Bloem Gebruikte Bouwmaterialen - Advertenties op Marktplaats,Alle advertenties van Bloem Gebruikte Bouwmaterialen op Marktplaats. Bekijk het aanbod van Bloem Gebruikte Bouwmaterialen en vind producten en diensten tegen aantrekkelijke prijzen!,,,,,,2021-05-12,2021-05-12,0.0,1,1,1,1,1,1
51,51.0,xs4all.nl,https://berkela.home.xs4all.nl/materialisering/bouwmaterialen.html,bouwmaterialen,84.13,0.99,11.0,,22.0,0.0,13.0,100.0,1043865.0,92.0,22.0,72.0,5.0,"['None', 'klik hier om naar boven te gaan', 'klik hier om naar boven te gaan', 'home', 'None']",697,Bouwmaterialen algemeen: Bouwkundig detailleren - details bouwkunde.,"Bouwmaterialen algemeen, onderdeel van bouwkundige benadering van een architectonisch ontwerp middels detail uitgangspunten, bouwmethodiek en tekentechnieken bouwkunde.",,,,,,2012-11-24,2012-11-24,0.0,1,1,1,1,1,0
52,52.0,basbouwmaterialen.nl,https://www.basbouwmaterialen.nl/,bouwmaterialen,84.13,1.87,4.0,10.0,22.0,26.0,196.0,87.0,28.0,44.0,30.0,,7.0,"['Bouw materialen Lith Groothandel', 'Bouw materialen Lith Groothandel', 'cement materiaal kopen Lith', 'houtmateriaal kopen groothandel', 'groothandel lith', 'Bouw materialen Lith Groothandel', 'None']",353,Bas Bouwmaterialen: uw leverancier voor hout- en bouwmaterialen,Op zoek naar hout- en bouwmaterialen? Bas Bouwmaterialen heeft een groot assortiment aan hout- en bouwmaterialen. Neem nu contact met ons op!,,,,,,2021-02-24,2021-05-05,70.0,1,1,1,1,1,0
53,53.0,nos.nl,https://nos.nl/l/2380864,bouwmaterialen,84.13,0.28,4.0,,33.0,8.0,,,40566855.0,92.0,2.0,75.0,0.0,,599,"Het is een stuk duurder geworden om een huis te (ver)bouwen | NOS
    ",,,,,,,2021-05-15,2021-05-15,0.0,1,0,0,0,0,0
54,54.0,eppinga.nl,https://eppinga.nl/,bouwmaterialen,84.13,0.91,4.0,3.0,182.0,7.0,0.0,0.0,410.0,61.0,17.0,22.0,34.0,"['Eppinga.nl', 'Eppinga.nl', 'None', 'None', 'Plaatmateriaal bestellen', 'Hout behandelen', 'Ayous Barcodeprofiel', 'Ayous Barcodeprofiel', 'Azobé Paal geschaafd 65x65mm', 'Azobé Paal geschaafd 65x65mm (2)', 'Ayous Channelsiding', 'Ayous Channelsiding', 'Grenen Schuttingplank geschaafd geïmpregneerd 17x140mm', 'Grenen Schuttingplank geschaafd geïmpregneerd 17x140mm', 'Grenen Schuttingplank geschaafd geïmpregneerd 17x140mm', 'Grenen Schuttingplank geschaafd geïmpregneerd 17x140mm', 'Grenen Schuttingplank geschaafd geïmpregneerd 17x140mm', 'Grenen Schuttingplank geschaafd geïmpregneerd 17x140mm', 'Grenen Schuttingplank geschaafd geïmpregneerd 17x140mm', 'Grenen Schuttingplank geschaafd geïmpregneerd 17x140mm', 'Grenen Schuttingplank geschaafd geïmpregneerd 17x140mm', 'Grenen Schuttingplank geschaafd geïmpregneerd 17x140mm', 'Grenen Schuttingplank geschaafd geïmpregneerd 17x140mm', 'Ayous Barcodeprofiel', 'Ayous Channelsiding', 'Bankirai vlonderplank', 'Bankirai vlonderplank', 'Bankirai vlonderplank', 'HK lazuur grey', 'HK lazuur grey', 'Hout behandelen', 'Meranti / Palapi FJ Stijl 90x110x5900mm', 'Meranti / Palapi FJ Stijl 90x110x5900mm', 'None']",361,Eppinga Online Houthandel - Eppinga Hout & Bouwmaterialen,,,2093.0,3327.0,4.0,9.0,2016-05-02,2021-05-19,1843.0,1,0,1,0,0,0
55,55.0,hominco.nl,https://www.hominco.nl/,bouwmaterialen,84.13,2.25,4.0,3.0,123.0,8.0,55.0,30.0,196.0,49.0,74.0,46.0,35.0,"['Minco Bouwmaterialen', 'Assortiment', 'Minco Bouwmaterialen', 'Assortiment', '<strong>Snelle Levering!</strong><br /> Bestelt u een product? We leveren snel ! ', '<strong>Vakkundige Klantenservice!</strong><br />  Heeft u een vraag? Wij helpen.', '<strong>Scherpe Prijzen!</strong><br />  We houden onze prijzen laag.', '<strong>1500 m2 opslag!</strong><br />  De meeste producten zijn op voorraad.', 'Klik hier om ons assortiment te bekijken!', 'Minco Bouwmaterialen', 'Minco Bouwmaterialen', 'Minco Bouwmaterialen', 'Minco Bouwmaterialen', 'Minco Bouwmaterialen', 'Minco Bouwmaterialen', 'Tuinheksluiting * 100x180 Zngeel', 'Lariks plank 22x200 mm', 'Slotbout 6 mm', 'Waterbestendig opbouw', 'ijzerzagen en toebehoren', 'Slotbout 8 mm zwart (ST)', 'Hoekstuk zwart', 'Daktrim', 'Plamuurmes', 'Slagplug', 'Company', 'None', 'iDeal', 'Apple Pay', 'Visa Creditcard', 'Mastercard Creditcard', 'Maestro Creditcard', 'American Express Creditcard', 'Overboeking', 'Minco Bouwmaterialen']",248,Minco Bouwmaterialen,"Hominco.nl is de leverancier voor al bouwhout, tuinhout, isolatie, gips, pvc en aanverwanten artikelen. Scherpe prijzen, hoge kwaliteit bij Hominco!",,1424.0,2343.0,3.0,38.0,2021-01-01,2021-01-01,0.0,1,1,1,0,0,1
56,56.0,verstegen-houthandel.nl,https://www.verstegen-houthandel.nl/,bouwmaterialen,84.13,2.47,2.0,8.0,39.0,1.0,43.0,116.0,357.0,49.0,21.0,19.0,2.0,"['Verstegen Houthandel en Bouwmaterialen-logo', 'Verstegen Houthandel en Bouwmaterialen-logo']",429,Verstegen Houthandel en Bouwmaterialen in Heesch,Verstegen Houthandel en Bouwmaterialen uit Heesch in Noord-Brabant is dé beste houthandel en leverancier van bouwmaterialen voor de regio Den Bosch.,,660.0,735.0,3.0,26.0,2015-01-01,2015-01-01,0.0,1,1,1,1,0,1
57,57.0,noordbouwmaterialen.nl,https://noordbouwmaterialen.nl/,bouwmaterialen,84.13,,6.0,,87.0,0.0,,,,,,,28.0,"['IMG-20200202-WA0007', 'IMG-20200202-WA0007', 'IMG-20200202-WA0007', 'IMG-20200202-WA0007', 'IMG-20200202-WA0007', 'IMG-20200202-WA0007', 'SPS Unitex 4040 Base P Wit Binnen Buiten 10 Liter', 'Schonox Q6 Poederlijm 25kg', 'Schonox Q6 Poederlijm 25kg', 'Schonox Q6 Poederlijm 25kg', 'Schonox Q6 Poederlijm 25kg', 'Schonox Q6 Poederlijm 25kg', 'Schonox Q6 Poederlijm 25kg', 'Schonox Q6 Poederlijm 25kg', 'Schonox Q6 Poederlijm 25kg', 'Schonox Q6 Poederlijm 25kg', 'Schonox Q6 Poederlijm 25kg', 'Schonox Q6 Poederlijm 25kg', 'Schonox Q6 Poederlijm 25kg', 'Schonox Q6 Poederlijm 25kg', 'Schonox Q6 Poederlijm 25kg', 'Schonox Q6 Poederlijm 25kg', 'Schonox Q6 Poederlijm 25kg', 'Schonox Q6 Poederlijm 25kg', 'Schonox Q6 Poederlijm 25kg', 'Schonox Q6 Poederlijm 25kg', 'Schonox Q6 Poederlijm 25kg', 'Schonox Q6 Poederlijm 25kg']",252,Home - Noord Bouwmaterialen,€59.15 €42.95,,3558.0,4220.0,3.0,7.0,2020-08-13,2021-05-11,271.0,1,1,1,0,1,0
58,58.0,bkbouwmarkt.nl,http://www.bkbouwmarkt.nl/bouwmaterialen/,bouwmaterialen,84.13,1.36,8.0,5.0,58.0,1.0,,,30.0,49.0,13.0,,17.0,"['Ben Kouters Logo', 'Ben Kouters Logo', 'None', 'None', 'None', 'None', 'None', 'None', 'None', 'None', 'None', 'None', 'None', 'None', 'None', 'None', 'None']",50,Ben Kouters :: Bouwmaterialen,,,,,,,2021-01-01,2021-01-01,0.0,1,0,1,0,1,0
59,59.0,bouwmaterialen-recruitment.nl,https://www.bouwmaterialen-recruitment.nl/,bouwmaterialen,84.13,,,,,,0.0,0.0,6.0,20.0,38.0,,0.0,,50,Home - Bouwmaterialen Recruitment Nederland,Werving en selectie voor de bouwmaterialen sector / bouwtoelevering. Bouwmaterialen Recruitment Nederland (BRN) werkt landelijk en is gespecialiseerd in de werving en selectie van kandidaten voor de professionele bouwmaterialen sector / bouwtoelevering. Wij bemiddelen overwegend in commerciele functies.  ,,,,,,2021-01-01,2021-01-01,0.0,1,1,1,1,1,0
60,60.0,nbs-bouwmaterialen.nl,https://www.nbs-bouwmaterialen.nl/,bouwmaterialen,84.13,0.16,5.0,,22.0,9.0,,,2.0,8.0,41.0,,18.0,"['untitled image', 'untitled image', 'abdelmalek-bensetti-RYrhCpsh-tQ-unsplash', 'christian-holzinger-JjrxZJK3gk4-unsplash', 'alvaro-pinot-czDvRp5V2b0-unsplash.jpg', 'claudia-lorusso-H6RKjMQR-AI-unsplash.jpg', 'cover 2021.jpg', 'jimmy-chang-ACt8ycSzpdE-unsplash.jpg', 'jimmy-chang-hDOnQGPofuU-unsplash.jpg', 'jimmy-chang-IrQEQCPE9pg-unsplash.jpg', 'pual-rex-xjosJTK8u-c-unsplash.jpg', 'icon.png', '2020 cover.jpg', 'Untitled-2.jpg', 'Untitled-2.jpg', 'Facebook - White Circle', 'Twitter - White Circle', 'linkedin wit.gif']",632,Bouwmaterialenindex | NBS Bouwmaterialen | NBS B.V. Kudelstaart,NBS bouwmaterialen is een initiatief van de Nederlandse besteksystematiek. De meest complete bouwmaterialenindex met productinformatie van fabrikanten en leveranciers van bouwmaterialen en installatieproducten ingedeeld overeenkomstig de verschillende categorieën van de besteksystematiek.,,,,,,2020-06-13,2020-06-13,0.0,1,1,1,1,1,0
61,61.0,voascherpenzeel.nl,https://www.voascherpenzeel.nl/bouwmaterialen.html,bouwmaterialen,84.13,3.25,2.0,13.0,25.0,0.0,,,31.0,55.0,13.0,17.0,6.0,"['Sfeerafbeelding Voa Scherpenzeel', 'top reclame afbeelding', 'Bosch', ""Aanbieding 'DUTACK LITTLE AIR BOUWCOMPRESSOR 6L 1.5 PK'"", ""Aanbieding 'Gatzagenset QC 527 of QC 528 11/13delig'"", ""Aanbieding '247 JEANS NIEUW IN ONS ASSORTIMENT'""]",72,Bouwmaterialen [Voa Scherpenzeel ],VOA Scherpenzeel heeft een ruim aanbod aan bouwmaterialen van vele topmerken.,,,,,,,,,1,1,1,1,1,0
62,62.0,3mnederland.nl,https://www.3mnederland.nl/3M/nl_NL/p/c/bouwmaterialen/i/commerciele-oplossingen/,bouwmaterialen,84.13,,,,,,,,5706.0,85.0,33.0,40.0,0.0,,72,,,,,,,,,,,0,0,0,0,1,0
63,63.0,woutersbouwmaterialen.nl,https://www.woutersbouwmaterialen.nl/,bouwmaterialen,84.13,0.88,1.0,18.0,44.0,10.0,43.0,100.0,30.0,49.0,40.0,27.0,0.0,,72,Homepage - Wouters Bouwmaterialen,,,,,,,2016-06-11,2020-02-26,1355.0,1,0,1,0,1,0
64,64.0,vleutenbouwmaterialen.nl,https://www.vleutenbouwmaterialen.nl/,bouwmaterialen,84.13,0.55,2.0,13.0,76.0,4.0,17.0,3.0,101.0,67.0,38.0,21.0,0.0,,72,Bouwmaterialen Best | Van der Vleuten - Home,Voor bouwmaterialen nieuw en gebruikt moet u bij 'De Vleut' zijn.,,3463.0,4402.0,4.0,31.0,2021-05-20,2021-05-20,0.0,1,1,1,1,1,0
65,65.0,nijmegen.nl,https://www.nijmegen.nl/diensten/bouwen-en-wonen/bouwmaterialen-op-openbaar-terrein/,bouwmaterialen,84.13,1.01,2.0,6.0,59.0,5.0,14.0,96.0,1581717.0,86.0,25.0,59.0,0.0,,72,,,,,,,,,,,0,0,0,0,1,0
66,66.0,dehouthal.nl,http://www.dehouthal.nl/,bouwmaterialen,84.13,2.8,9.0,3.0,25.0,2.0,170.0,562.0,50.0,49.0,64.0,23.0,0.0,,72,De Houthal Bouwmaterialen | De Houthal Bouwmaterialen B.V.,"De Houthal Bouwmaterialen B.V. in Zevenhuizen. Sinds 1955 heeft het bedrijf de Houthal Bouwmaterialen zich ontwikkeld van lokale timmerfabriek tot een landelijke bouwmaterialen leverancier. Wij leveren alle bouwmaterialen van heipaal tot schoorsteenkap aan zowel bedrijven als particulieren. Bij de Houthal bent u aan het juiste adres voor een goed advies, als het gaat om een nieuwe woning, een uitbreiding of verbouw.",,,,,,2021-01-01,2021-01-01,0.0,1,1,1,1,0,0
67,67.0,limburgsebouwmaterialen.nl,https://limburgsebouwmaterialen.nl/,bouwmaterialen,84.13,1.01,3.0,1.0,177.0,3.0,,,37900.0,49.0,17.0,24.0,16.0,"['Limburgse Bouwmaterialenhandel BV', 'Limburgse Bouwmaterialenhandel BV', 'Limburgse Bouwmaterialenhandel BV', 'Limburgse Bouwmaterialenhandel BV', 'Vurenhout', 'Vurenhout', 'Elektrisch gereedschap', 'Elektrisch gereedschap', 'Bevestigingsmaterialen', 'Kabels & Haspels', 'Kitten & Lijm', 'PVC', 'Schoeisel', 'Deurbeslag', 'Deurbeslag', 'Deurbeslag']",130,Home - Limburgse Bouwmaterialenhandel BV,,,,,,,2020-03-09,2021-02-12,340.0,1,0,1,0,1,1
68,68.0,kiwa.com,https://www.kiwa.com/nl/nl/markten/bouwmaterialen/,bouwmaterialen,84.13,0.66,4.0,16.0,210.0,3.0,149.0,9.0,,88.0,51.0,51.0,50.0,"['None', 'The Netherlands', 'Global', 'Belgium', 'China', 'Denmark', 'Estonia', 'Finland', 'France', 'Germany', 'Italy', 'Korea', 'Latin America', 'Latvia', 'Lithuania', 'The Netherlands', 'Norway', 'Poland', 'Portugal', 'Spain', 'Sweden', 'Turkey', 'United Kingdom', 'None', 'English', 'Nederlands', 'None', 'Global', 'Belgium', 'China', 'Denmark', 'Estonia', 'Finland', 'France', 'Germany', 'Italy', 'Korea', 'Latin America', 'Latvia', 'Lithuania', 'The Netherlands', 'Norway', 'Poland', 'Portugal', 'Spain', 'Sweden', 'Turkey', 'United Kingdom', 'None', 'None']",409,,,,,,,,2020-10-01,2020-10-01,0.0,0,0,0,0,1,0
69,69.0,vandepol.info,https://vandepol.info/bouwen/bouwmaterialen,bouwmaterialen,84.13,1.16,8.0,28.0,104.0,192.0,43.0,84.0,144.0,62.0,4.0,18.0,224.0,"['None', 'None', 'Background Image', 'None', 'None', 'None', 'None', 'None', 'None', 'None', 'None', 'None', 'None', 'None', 'None', 'None', 'None', 'None', 'None', 'None', 'None', 'None', 'None', 'None', 'None', 'None', 'None', 'None', 'None', 'None', 'None', 'None', 'None', 'None', 'None', 'None', 'None', 'None', 'None', 'None', 'None', 'None', 'None', 'None', 'None', 'None', 'None', 'None', 'None', 'None', 'None', 'None', 'None', 'None', 'None', 'None', 'None', 'None', 'None', 'None', 'None', 'None', 'None', 'None', 'None', 'None', 'None', 'None', 'None', 'None', 'None', 'None', 'None', 'None', 'None', 'None', 'None', 'None', 'None', 'None', 'None', 'None', 'None', 'None', 'None', 'None', 'None', 'None', 'None', 'None', 'None', 'None', 'None', 'None', 'None', 'None', 'None', 'None', 'None', 'None', 'None', 'None', 'None', 'None', 'None', 'None', 'None', 'None', 'None', 'None', 'None', 'None', 'None', 'None', 'None', 'None', 'None', 'None', 'None', 'None', 'None', 'None', 'None', 'None', 'None', 'None', 'None', 'None', 'None', 'None', 'None', 'None', 'None', 'None', 'None', 'None', 'None', 'None', 'None', 'None', 'None', 'None', 'None', 'None', 'None', 'None', 'None', 'None', 'None', 'None', 'None', 'None', 'None', 'None', 'None', 'None', 'None', 'None', 'None', 'None', 'None', 'None', 'None', 'None', 'None', 'None', 'None', 'None', 'None', 'None', 'None', 'None', 'None', 'None', 'None', 'None', 'None', 'None', 'None', 'None', 'None', 'None', 'None', 'None', 'None', 'None', 'None', 'None', 'None', 'None', 'None', 'None', 'None', 'None', 'None', 'None', 'None', 'None', 'None', 'None', 'None', 'None', 'None', 'None', 'None', 'None', 'None', 'None', 'None', 'None', 'None', 'None', 'None', 'None', 'None', 'None', 'None', 'None', 'None', 'None', 'None', 'None', 'None', 'None']",424,Bouwmaterialen | Bouwen | van de Pol,,,,,,,2021-01-01,2021-04-01,90.0,1,0,1,0,1,0
70,70.0,startpagina.nl,https://bouwmaterialen.startpagina.nl/,bouwmaterialen,84.13,1.14,4.0,7.0,16.0,196.0,12.0,28.0,1763454.0,94.0,48.0,64.0,6.0,"['None', 'None', 'None', 'None', 'None', 'None']",227,Bouwmaterialen.startpagina bouwmaterialen van a tot z,"de toegangspoort tot alle informatie over bouwmaterialen, fabrikanten en leveranciers voor kleine klus tot complete bouw",,,,,,2021-01-01,2021-01-01,0.0,1,1,1,1,1,0
71,71.0,bouwmarktschoonoord.nl,https://www.bouwmarktschoonoord.nl/product-categorie/bouwmaterialen/,bouwmaterialen,84.13,0.42,9.0,7.0,181.0,6.0,,,86.0,48.0,57.0,,30.0,"['Bouwmarkt Schoonoord Logo', 'Betonstaalmat', 'Dakbedekking', 'Dakbenodigdheden', 'Gipsplaten', 'Portland en Mortels', 'Portland en Mortels', 'Portland en Mortels', 'Portland en Mortels', 'Portland en Mortels', 'Portland en Mortels', 'Portland en Mortels', 'Portland en Mortels', 'Portland en Mortels', 'Portland en Mortels', 'Portland en Mortels', 'Portland en Mortels', 'Portland en Mortels', 'Portland en Mortels', 'Portland en Mortels', 'Portland en Mortels', 'Portland en Mortels', 'Portland en Mortels', 'Portland en Mortels', 'Portland en Mortels', 'Portland en Mortels', 'Portland en Mortels', 'Portland en Mortels', 'Portland en Mortels', 'Portland en Mortels']",166,"Bouwmaterialen, Gipsplaten, Dakbedekking - Bouwmarkt Schoonoord","Bouwmaterialen zoals gipsplaten, Portland, betonstaalmatten, dakbedekking en isolatiemateriaal.",,,,,,2021-01-01,2021-01-01,0.0,1,1,1,1,1,0
72,72.0,bmbrabant.nl,https://bmbrabant.nl/,bouwmaterialen,84.13,4.47,4.0,1.0,21.0,3.0,13.0,103.0,78.0,49.0,38.0,,13.0,"['Bouwmaterialen Brabant B.V.', 'Bouwmaterialen Brabant B.V.', 'None', 'None', 'None', 'None', 'None', 'None', 'None', 'None', 'None', 'None', 'Boldman']",240,Home - Bouwmaterialen Brabant B.V.,,,,,,,2019-01-21,2020-12-16,695.0,1,0,1,0,0,1
73,73.0,yuvambouwmaterialen.nl,https://www.yuvambouwmaterialen.nl/,bouwmaterialen,84.13,1.45,3.0,3.0,177.0,5.0,0.0,0.0,69.0,52.0,13.0,,20.0,"['opc_loader', 'None', 'None', 'None', 'None', 'None', 'Tegels', 'Laminaat', 'Sanitair', 'Bouwmaterialen', 'Bouwmaterialen', 'Bouwmaterialen', 'Bouwmaterialen', 'Bouwmaterialen', 'Bouwmaterialen', 'Bouwmaterialen', 'Bouwmaterialen', 'Bouwmaterialen', 'Bouwmaterialen', 'None']",19,"Yuvam Bouwmaterialen B.V.
            ",,,,,,,2015-04-10,2015-04-10,0.0,1,0,1,0,1,1
74,74.0,beertenbouwmaterialen.nl,https://beertenbouwmaterialen.nl/,bouwmaterialen,84.13,4.11,2.0,13.0,45.0,2.0,14.0,124.0,9.0,25.0,38.0,,15.0,"['Logo Beerten Bouwmaterialen B.V.', 'Logo Beerten Bouwmaterialen B.V.', 'logo', 'logo', 'logo', 'logo', 'logo', 'logo', 'Frank Beerten', 'image', 'image', 'image', 'image', 'logo', 'logo']",170,Beerten Bouwmaterialen | Groothandel en Producent van bouwmaterialen | Budel,Breed assortiment bouwmaterialen | Scherpe prijzen | Kwaliteit | Snelle service | Kwantumkorting | Persoonlijk advies | Ontdek Beerten Bouwmaterialen,,,,,,2021-01-01,2021-01-01,0.0,1,1,1,1,1,1
75,75.0,wijnandsbouwmaterialen.nl,https://wijnandsbouwmaterialen.nl/,bouwmaterialen,84.13,1.1,2.0,14.0,10.0,3.0,14.0,114.0,34.0,28.0,13.0,17.0,10.0,"['None', 'None', 'None', 'None', 'None', 'None', 'None', 'None', 'None', 'None']",138,Home – Wijnands Bouwmaterialen    ,,,,,,,2016-12-27,2019-07-15,930.0,1,0,1,0,1,0
76,76.0,rvo.nl,https://www.rvo.nl/sites/default/files/2020/02/erkende-maatregelenlijst-bouwmaterialen.pdf,bouwmaterialen,84.13,0.0,0.0,0.0,0.0,0.0,100.0,3.0,844437.0,87.0,56.0,,0.0,,138,,,,,,,,,,,0,0,0,0,1,0
77,77.0,bomij.nl,https://www.bomij.nl/nl-NL/296/bouwmaterialen.html,bouwmaterialen,84.13,0.69,5.0,19.0,234.0,2.0,0.0,0.0,23292.0,68.0,1.0,23.0,0.0,,62,Bouwmaterialen | Bo-Mij,,,,,,,2021-01-26,2021-01-26,0.0,1,0,1,0,1,0
78,78.0,limtrade.nl,https://www.limtrade.nl/af-bouw/bouwmaterialen,bouwmaterialen,84.13,2.77,2.0,14.0,62.0,4.0,42.0,79.0,22.0,75.0,62.0,38.0,5.0,"['Limtrade', 'Gips', 'Cellenbetonblok', 'Payment providers', 'Payment providers']",345,,,,,,,,,,,0,0,0,0,1,0
79,79.0,probouwen.nl,https://www.probouwen.nl/,bouwmaterialen,84.13,0.8,4.0,3.0,167.0,1.0,42.0,79.0,197.0,48.0,38.0,31.0,11.0,"['basket', 'basket', 'Bouwmaterialen online ', 'online bouwmaterialen bestellen', 'bouwmaterialen webshop', 'Onze betaalmogelijkheden', 'Helpdesk', 'None', 'None', 'None', 'Logo ProBouwen']",48,Home | ProBouwen.nl - Voor al uw Bouwmaterialen online!,"Bij ProBouwen.nl bestelt u eenvoudig uw professionele bouwmaterialen online, met een snelle levering! ProBouwen.nl is een webshop voor de particuliere klussers en professionele bouwers. Bij ons vindt u een groot assortiment bouwmaterialen online van kwaliteitsmerken.
",,,,,,2021-01-01,2021-01-01,0.0,1,1,1,1,0,1
80,80.0,mulder-bouwmateriaal.nl,https://www.mulder-bouwmateriaal.nl/,bouwmaterialen,84.13,0.56,3.0,11.0,215.0,4.0,43.0,84.0,31.0,52.0,22.0,20.0,57.0,"['Mulder bouwmaterialen', 'Mulder bouwmaterialen', 'Mulder bouwmaterialen', 'Mulder bouwmaterialen', 'Mulder bouwmaterialen', 'Mulder bouwmaterialen', 'Keurmerk Webbshop', 'iDeal', 'Mulder Bouwmateriaal Heteren Gelderland', '5% extra korting voor zakelijke klanten', 'Ontvang een offerte op maat', 'Snelle bezorging aan huis binnen 100km', 'Snelle bezorging aan huis binnen 100km', 'Snelle bezorging aan huis binnen 100km', 'Snelle bezorging aan huis binnen 100km', 'Snelle bezorging aan huis binnen 100km', 'Snelle bezorging aan huis binnen 100km', 'Snelle bezorging aan huis binnen 100km', 'Snelle bezorging aan huis binnen 100km', 'Snelle bezorging aan huis binnen 100km', 'Snelle bezorging aan huis binnen 100km', 'Snelle bezorging aan huis binnen 100km', 'Snelle bezorging aan huis binnen 100km', 'Snelle bezorging aan huis binnen 100km', 'Snelle bezorging aan huis binnen 100km', 'Snelle bezorging aan huis binnen 100km', 'Snelle bezorging aan huis binnen 100km', 'Snelle bezorging aan huis binnen 100km', 'Snelle bezorging aan huis binnen 100km', 'Snelle bezorging aan huis binnen 100km', 'Snelle bezorging aan huis binnen 100km', 'Snelle bezorging aan huis binnen 100km', 'Snelle bezorging aan huis binnen 100km', 'Snelle bezorging aan huis binnen 100km', 'Snelle bezorging aan huis binnen 100km', 'Snelle bezorging aan huis binnen 100km', 'Snelle bezorging aan huis binnen 100km', 'Snelle bezorging aan huis binnen 100km', 'Snelle bezorging aan huis binnen 100km', 'Snelle bezorging aan huis binnen 100km', 'Snelle bezorging aan huis binnen 100km', 'Snelle bezorging aan huis binnen 100km', 'Snelle bezorging aan huis binnen 100km', 'Snelle bezorging aan huis binnen 100km', 'Snelle bezorging aan huis binnen 100km', 'Snelle bezorging aan huis binnen 100km', 'Snelle bezorging aan huis binnen 100km', 'Snelle bezorging aan huis binnen 100km', 'Snelle bezorging aan huis binnen 100km', 'Snelle bezorging aan huis binnen 100km', 'Bestel via onze webshop. Mulder Bouwmateriaal Heteren Gelderland', 'Bestel via onze webshop. Mulder Bouwmateriaal Heteren Gelderland', 'Bestel via onze webshop. Mulder Bouwmateriaal Heteren Gelderland', 'None', 'None', 'None', 'Keurmerk Webbshop']",572,Isolatie webshop - Mulder Bouwmateriaal,Isolatie en houthandel webshop &#10003; Bouwmaterialen &#10003; Ruim assortiment &#10003; Altijd scherp geprijsd &#10003; Snelle levering aan huis &#10003; Eenvoudig en veilig betalen.,,1725.0,2233.0,3.0,0.0,2021-05-20,2021-05-20,0.0,1,1,0,1,0,1
81,81.0,veldmanbouwmaterialen.nl,https://veldmanbouwmaterialen.nl/,bouwmaterialen,84.13,2.68,4.0,5.0,26.0,1.0,375.0,186.0,7.0,33.0,40.0,,12.0,"['Veldman Bouwmaterialen Logo', 'Veldman Bouwmaterialen Logo', 'Veldman Bouwmaterialen Logo', 'Pascal Vromans', 'ENCI', 'Knauf', 'MAKZ', 'Monier', 'Rijswaard', 'Skylux', 'Wienerberger', 'Wienerberger']",263,Veldman Bouwmaterialen | Wij hebben alles dat je nodig hebt,"Een timmerman, schilder, klusjesman, metselaar of aannemer. Ze hebben allemaal één ding gemeen: de benodigde bouwmaterialen halen ze bij Veldman.",,,,,,2018-12-04,2021-05-20,898.0,1,1,1,1,1,1
82,82.0,makroshop.be,https://www.makroshop.be/nl/bouwen-en-gereedschappen/bouwmaterialen,bouwmaterialen,84.13,0.3,6.0,7.0,829.0,13.0,42.0,79.0,118442.0,82.0,58.0,22.0,72.0,"['logo makro', '{{basketItems.Title}}', '{{basketItems.Title}}', '{{basketItems.Title}}', '{{basketItems.Title}}', '{{basketItems.Title}}', '{{basketItems.Title}}', '{{basketItems.Title}}', '{{basketItems.Title}}', '{{basketItems.Title}}', '{{basketItems.Title}}', '{{basketItems.Title}}', '{{basketItems.Title}}', '{{basketItems.Title}}', '{{basketItems.Title}}', '{{basketItems.Title}}', '{{basketItems.Title}}', '{{basketItems.Title}}', '{{basketItems.Title}}', '{{basketItems.Title}}', '{{basketItems.Title}}', '{{basketItems.Title}}', '{{basketItems.Title}}', '{{basketItems.Title}}', '{{basketItems.Title}}', '{{basketItems.Title}}', '{{basketItems.Title}}', '{{basketItems.Title}}', '{{basketItems.Title}}', '{{basketItems.Title}}', '{{basketItems.Title}}', '{{basketItems.Title}}', '{{basketItems.Title}}', '{{basketItems.Title}}', '{{basketItems.Title}}', '{{basketItems.Title}}', '{{basketItems.Title}}', '{{basketItems.Title}}', '{{basketItems.Title}}', '{{basketItems.Title}}', 'auto', 'auto', 'auto', 'auto', 'auto', 'auto', 'auto', 'auto', 'auto', 'auto', 'auto', 'auto', 'auto', 'auto', 'auto', 'auto', 'Afwatering & Drainage', 'Bouwstenen', 'Bouwstoffen', 'Dakbedekking', 'Gipsplaten & Accessoires', 'Isolatie & Accessoires', 'Vensterbanken, Lintelen & Dorpels', 'Vensterbanken, Lintelen & Dorpels', 'Vensterbanken, Lintelen & Dorpels', 'Vensterbanken, Lintelen & Dorpels', 'Vensterbanken, Lintelen & Dorpels', 'Vensterbanken, Lintelen & Dorpels', 'Vensterbanken, Lintelen & Dorpels', 'Vensterbanken, Lintelen & Dorpels', 'Vensterbanken, Lintelen & Dorpels', 'Vensterbanken, Lintelen & Dorpels']",236,"Bouwmaterialen online kopen en vergelijken - MakroShop
",,,650.0,1832.0,3.0,18.0,2015-01-01,2015-01-01,0.0,1,0,1,0,1,0
83,83.0,bloemgebruiktebouwmaterialen.nl,https://www.bloemgebruiktebouwmaterialen.nl/,bouwmaterialen,84.13,0.61,7.0,8.0,153.0,10.0,16.0,23.0,20.0,54.0,7.0,,38.0,"['Bloem Gebruikte Bouwmaterialen Logo', 'Bloem Gebruikte Bouwmaterialen Logo', 'Bloem Gebruikte Bouwmaterialen Logo', 'Plattegrond Bloem Gebruikte Bouwmaterialen Panheel', 'Meubelen | Bloem Gebruikte BOuwmaterialen', 'Electra | Bloem Gebruikte Bouwmaterialen', 'Keukenbladen graniet composiet keramiek | Bloem Gebruikte Bouwmaterialen', 'Brandpreventie | Bloem Gebruikte Bouwmaterialen', 'Kozijnen | Bloem Gebruikte Bouwmaterialen Panheel', 'Deuren nieuw of gebruikt | Bloem Gebruikte Bouwmaterialen', 'Gebruikt Sanitair | Bloem Gebruikte Bouwmaterialen', 'Gebruikt Sanitair | Bloem Gebruikte Bouwmaterialen', 'Tuin en Buitenterrein | Bloem Gebruikte Bouwmaterialen', 'Tuin en Buitenterrein | Bloem Gebruikte Bouwmaterialen', 'Tuin en Buitenterrein | Bloem Gebruikte Bouwmaterialen', 'Metselstenen | Bloem Gebruikte Bouwmaterialen Panheel', 'Dakraam | Bloem Gebruikte Bouwmaterialen Panheel', 'Dakraam | Bloem Gebruikte Bouwmaterialen Panheel', 'Combiketels Intergas', 'Combiketels Intergas', 'Paneeldeuren', 'Paneeldeuren', 'Radson Flores radiator', 'Radson Flores radiator', 'Zarges 41207 Plateautrap', 'Zarges 41207 Plateautrap', 'Schijnwerpers', 'Schijnwerpers', 'Houten Kozijnen op maat', 'Houten Kozijnen op maat', 'hang- en sluitwerk gebruikt', 'hang- en sluitwerk gebruikt', 'Grohe mengkranen', 'Bloem Infra', 'Bloem Infra', 'Bloem Infra', 'Bloem Infra', 'Bloem Infra']",344,Home - Bloem Gebruikte Bouwmaterialen,"Ontdek ons groot assortiment in gebruikte bouwmaterialen. Van gebruikte houten balken, tot electra, van radiatoren tot glas in lood in Panheel, Limburg.",,1050.0,2298.0,3.0,13.0,2015-12-04,2020-11-04,1797.0,1,1,1,1,1,1
84,84.0,bouwsales.nl,https://www.bouwsales.nl/970-bouwmaterialen,bouwmaterialen,84.13,0.31,4.0,14.0,1767.0,14.0,43.0,172.0,83707.0,53.0,17.0,40.0,15.0,"['None', 'ClickCease', 'Bouwsales', 'Afbeelding voor categorie Vlieringtrappen', 'Afbeelding voor categorie Vloerluiken en matranden', 'Afbeelding voor categorie Glazen schuifdeuren', 'Afbeelding voor categorie Afdekmaterialen', 'Afbeelding voor categorie Afdichtingsbanden', 'Afbeelding voor categorie Beton en metselmateriaal', 'Afbeelding voor categorie Dakdoorvoeren', 'Afbeelding voor categorie Dakonderdelen', 'Afbeelding voor categorie Folies', 'Afbeelding voor categorie Lood', 'Afbeelding voor categorie Steunblokjes, uitvulplaten en wiggen', 'Afbeelding voor categorie Ventilatie']",468,Bouwmaterialen online bestellen? ✅ Bouwsales.nl,"Op zoek naar Bouwproducten? Bestel Bouwproducten op Bouwsales.nl ✓ Voor 23:59 besteld, morgen in huis ✓ Altijd Sale ✓ Same day delivery",,,,,,2021-01-01,2021-01-01,0.0,1,1,1,0,1,0
85,85.0,facebook.com,https://www.facebook.com/bouwmaterialen/,bouwmaterialen,84.13,2.09,9.0,21.0,111.0,4.0,,,566078670.0,100.0,67.0,100.0,0.0,,138,Online Bouwmaterialen - Startpagina | Facebook,"Online Bouwmaterialen, Borne. 875 vind-ik-leuks · 16 waren hier. Bouwmaterialen bestellen? Vanaf € 450,- gratis thuisbezorgd!
www.online-bouwmaterialen.nl",,,,,,2021-04-20,2021-05-07,17.0,1,1,1,1,1,0
86,86.0,omtzigt-bouwmaterialen.nl,https://www.omtzigt-bouwmaterialen.nl/,bouwmaterialen,84.13,1.79,3.0,5.0,14.0,12.0,43.0,163.0,33.0,51.0,18.0,22.0,0.0,,59,Home - Omtzigt Bouwmaterialen,,,,,,,2002-01-01,2002-01-01,0.0,1,0,1,0,1,0
87,87.0,helmondsebouwmaterialenhandel.nl,https://www.helmondsebouwmaterialenhandel.nl/,bouwmaterialen,84.13,2.9,3.0,12.0,29.0,0.0,22.0,9.0,149.0,33.0,57.0,15.0,6.0,"['Bouwcenter Helmondse  Bouwmaterialen', 'Bouwcenter Helmondse  Bouwmaterialen', 'Bouwcenter Helmondse  Bouwmaterialen', 'Bouwcenter Helmondse  Bouwmaterialen', 'Bouwcenter Helmondse  Bouwmaterialen', 'Bouwcenter Helmondse  Bouwmaterialen']",192,Home - Bouwcenter Helmondse Bouwmaterialen,"Bouwcenter Helmondse Bouwmaterialen, Een sterke partner voor bouwbedrijven, aannemers, afbouwbedrijven en particulieren.",,,,,,2014-12-10,2020-06-11,2010.0,1,1,1,1,1,1
88,88.0,witmix-bouwmaterialen.nl,http://www.witmix-bouwmaterialen.nl/,bouwmaterialen,84.13,2.2,1.0,22.0,21.0,2.0,170.0,562.0,40.0,49.0,18.0,15.0,1.0,['Witmix Bouwmaterialen'],115,Home - Witmix Bouwmaterialen,,,,,,,2002-01-01,2002-01-01,0.0,1,0,1,0,1,1
89,89.0,mercatorenco.nl,https://www.mercatorenco.nl/,bouwmaterialen,84.13,0.74,3.0,12.0,68.0,6.0,43.0,165.0,107.0,53.0,74.0,24.0,22.0,"['None', 'Mercator & Co', 'None', 'None', 'None', 'None', 'None', 'None', 'None', 'Niek ten Berge Mercator en Co Home', 'Voordeur 004', 'Castle stones model Cobbe', 'Castle stones dallen paris', 'Castle stones dallen paris', 'Castle stones dallen paris', 'BIJZET TAFEL ANTIEK,400X400X600MM', 'INDUSTRIELAMP, 30X55CM', 'FRANSE TUINSET', 'Glas in Lood 30x60cm', 'Vintage tafel 98x192', 'Vintage tafel 98x192', 'Antieke bouwmaterialen']",640,Mercator & Co - Antieke bouwmaterialen | BEL 0521-599369,"Bent u op zoek naar antieke bouwmaterialen? Mercator&Co heeft zich gespecialiseerd in de levering van oude bouwmaterialen. Wij handelen in gebruikte bouwmaterialen die vrijkomen bij de sloop van kerken, kloosters, scholen en andere gebouwen. Neem direct een kijkje tussen onze antieke bouwmaterialen.",,,,,,2017-10-06,2021-05-18,1320.0,1,1,1,1,0,1
90,90.0,bouwmaterialen-neerkant.nl,https://www.bouwmaterialen-neerkant.nl/,bouwmaterialen,84.13,2.27,5.0,6.0,14.0,4.0,153.0,8.0,29028.0,84.0,45.0,20.0,8.0,"['Logo', 'Logo', 'Logo', 'Logo', 'Logo', 'Bouwmaterialen Neerkant - divider', 'Bouwmaterialen Neerkant transport', 'Like ons op Facebook']",208,"Bouwmaterialen Neerkant - Voor al uw bouw- , verbouw- en afbouwmaterialen",,,,,,,2020-01-01,2020-01-01,0.0,1,0,1,0,1,1
91,91.0,encyclo.nl,https://www.encyclo.nl/begrip/bouwmateriaal,bouwmaterialen,84.13,0.38,4.0,11.0,49.0,24.0,14.0,116.0,30760.0,88.0,14.0,62.0,5.0,"['Encyclo.nl', 'bouwmateriaal logo #1000', 'Bouwmateriaal logo #1010', 'Bouwmateriaal logo #25439142', 'Bouwmateriaal logo #10799']",17,Bouwmateriaal - 4 definities - Encyclo,1) Bouwstoffen 2) Kalk 3) Materiaal gebruikt als bouwgrondstof 4) Steen  (2) het bouwmateriaal   zelfst.naamw. Verbuigingen:   bouwmaterialen...,,,,,,2021-01-01,2021-01-01,0.0,1,1,0,1,0,0
92,92.0,deruiterleerdam.nl,https://www.deruiterleerdam.nl/producten/bouwmaterialen/,bouwmaterialen,84.13,1.2,1.0,6.0,37.0,1.0,,,2.0,29.0,32.0,,26.0,"['De Ruiter bouwmaterialenhandel Leerdam, bouwmaterialen Leerdam', 'De Ruiter bouwmaterialenhandel Leerdam, bouwmaterialen Leerdam', 'De Ruiter bouwmaterialenhandel Leerdam, bouwmaterialen Leerdam', 'De Ruiter bouwmaterialenhandel Leerdam, bouwmaterialen Leerdam', 'De Ruiter bouwmaterialenhandel Leerdam, bouwmaterialen Leerdam', 'De Ruiter bouwmaterialenhandel Leerdam, bouwmaterialen Leerdam', 'De Ruiter bouwmaterialenhandel Leerdam, bouwmaterialen Leerdam', 'Hout- en plaatmateriaal De Ruiter bouwmaterialenhandel Leerdam', 'De Ruiter bouwmaterialenhandel Leerdam, dakbedekking, isolatie folies en tapes', 'Betonwaren De Ruiter bouwmaterialenhandel Leerdam', 'De Ruiter bouwmaterialenhandel Leerdam, mortels, lijmen en toeslagstoffen', 'Chemische bouwproducten, De Ruiter Leerdam bouwmaterialenhandel', 'Betonwaren De Ruiter bouwmaterialenhandel Leerdam', 'Riolering, PVC, De Ruiter bouwmaterialenhandel Leerdam', 'De Ruiter bouwmaterialenhandel Leerdam ijzerwaren', 'De Ruiter bouwmaterialenhandel Leerdam levert kozijnen Ubbink, Velux', 'De Ruiter bouwmaterialenhandel Leerdam levert kozijnen Ubbink, Velux', 'De Ruiter bouwmaterialenhandel Leerdam levert kozijnen Ubbink, Velux', 'De Ruiter bouwmaterialenhandel Leerdam levert kozijnen Ubbink, Velux', 'De Ruiter bouwmaterialenhandel Leerdam levert kozijnen Ubbink, Velux', 'De Ruiter bouwmaterialenhandel Leerdam levert kozijnen Ubbink, Velux', 'De Ruiter bouwmaterialenhandel Leerdam levert kozijnen Ubbink, Velux', 'De Ruiter bouwmaterialenhandel Leerdam levert kozijnen Ubbink, Velux', 'De Ruiter bouwmaterialenhandel Leerdam levert kozijnen Ubbink, Velux', 'De Ruiter bouwmaterialenhandel Leerdam levert kozijnen Ubbink, Velux', 'De Ruiter bouwmaterialenhandel Leerdam, keurmerk politiekeurmerk veilig wonen']",79,De Ruiter Bouwmaterialenhandel Leerdam b.v. • De Ruiter Bouw • De Ruiter Leerdam • Bouwmaterialen - De Ruiter Bouwmaterialenhandel B.V.,"Bij De Ruiter kunt u o.a. terecht voor gereedschappen, machines, hout- en plaatmateriaal, dakbedekking, isolatie, folies, tapes, mortels, lijmen, toeslagstoffen, chemische bouwproducten etc.",,,,,,2021-01-01,2021-01-01,0.0,1,1,1,0,1,1
93,93.0,bouwcheap.nl,https://www.bouwcheap.nl/,bouwmaterialen,84.13,0.81,0.0,22.0,186.0,0.0,11.0,3.0,44.0,7.0,74.0,,0.0,,46,Schroeven en meer bouwmaterialen	         - Bouwcheap.nl,"Schroeven, Ijzerwaren en overige bouwmaterialen snel geleverd en voor een eerlijke prijs. Bekijk snel onze webshop bouwcheap.nl ",,1093.0,1633.0,3.0,28.0,2005-01-01,2020-01-01,5478.0,1,1,1,1,0,0
94,94.0,hshbouwmaterialen.nl,https://www.hshbouwmaterialen.nl/,bouwmaterialen,84.13,4.48,3.0,25.0,14.0,4.0,194.0,5752.0,10.0,32.0,2.0,,0.0,,90,HSH Bouwmaterialen | uw partner in Bouwmaterialen voor zakelijk en particulier!,,,,,,,2021-01-01,2021-01-01,0.0,1,0,1,0,1,0
95,95.0,mewissenbouwmaterialen.nl,https://www.mewissenbouwmaterialen.nl/,bouwmaterialen,84.13,2.54,2.0,7.0,15.0,3.0,,103.0,54.0,33.0,13.0,,5.0,"['Logo Mewissen Bouwmaterialen en Tegelhandel', 'Showroom tegels', 'Showroom bouwmaterialen', 'Mewissen Bouwmaterialen en Tegelhandel-logo', 'Mewissen Bouwmaterialen en Tegelhandel-logo']",245,Mewissen Bouwmaterialen en Tegelhandel in Schinveld ,"Op zoek naar gevelstenen wandtegels of vloertegels? Mewissen Bouwmaterialen en Tegelhandel in Schinveld, Limburg is dé specialist! Neem contact op!",,,,,,2016-01-25,2016-01-25,0.0,1,1,1,1,1,1
96,96.0,restoric.nl,https://www.restoric.nl/bouwmaterialen,bouwmaterialen,84.13,2.24,1.0,5.0,53.0,5.0,13.0,100.0,219.0,48.0,8.0,38.0,6.0,"['None', 'None', 'None', 'None', 'Blogger icon', 'logo']",216,Oude en Nieuwe Bouwmaterialen | Restoric,"Welkom bij Restoric bouwmaterialen , hier vind u een groot deel van ons assortiment nieuwe en gebruikte (historische) bouwmaterialen. Waar het vroeger voornamelijk ging om de oude balken, vloerplanken en stenen kunt u sinds 1993 ook bij ons terecht  voor bijvoorbeeld gebruikte trappen, trapspijlen, leuningen, isolatie, oud meubilair en kozijnen. Kom ook eens kijken tussen onze ruim 2500 oude ramen, antiek sanitair, gietijzeren radiatoren of onze antieke glas-in-lood collectie. Naast het feit dat het gebruikte van originele materialen vaak net dat beetje extra geeft is het hergebruiken hiervan ook nog eens goed voor het milieu! ",,,,,,,,,1,1,1,1,1,0
97,97.0,vlaardingen.nl,https://www.vlaardingen.nl/Onderwerpen/Bouwen/Bouwen/Bouwmaterialen_containers_plaatsen,bouwmaterialen,84.13,1.13,3.0,9.0,63.0,13.0,266.0,14.0,8084.0,76.0,36.0,54.0,43.0,"['Logo Gemeente Vlaardingen, ga naar de homepage', 'Logo Gemeente Vlaardingen, ga naar de homepage', 'Logo Gemeente Vlaardingen, ga naar de homepage', 'Logo Gemeente Vlaardingen, ga naar de homepage', 'Logo Gemeente Vlaardingen, ga naar de homepage', 'Logo Gemeente Vlaardingen, ga naar de homepage', 'Logo Gemeente Vlaardingen, ga naar de homepage', 'Logo Gemeente Vlaardingen, ga naar de homepage', 'Logo Gemeente Vlaardingen, ga naar de homepage', 'Logo Gemeente Vlaardingen, ga naar de homepage', 'Logo Gemeente Vlaardingen, ga naar de homepage', 'Logo Gemeente Vlaardingen, ga naar de homepage', 'Logo Gemeente Vlaardingen, ga naar de homepage', 'Logo Gemeente Vlaardingen, ga naar de homepage', 'Logo Gemeente Vlaardingen, ga naar de homepage', 'Logo Gemeente Vlaardingen, ga naar de homepage', 'Logo Gemeente Vlaardingen, ga naar de homepage', 'Logo Gemeente Vlaardingen, ga naar de homepage', 'Logo Gemeente Vlaardingen, ga naar de homepage', 'Logo Gemeente Vlaardingen, ga naar de homepage', 'Logo Gemeente Vlaardingen, ga naar de homepage', 'Logo Gemeente Vlaardingen, ga naar de homepage', 'Logo Gemeente Vlaardingen, ga naar de homepage', 'Logo Gemeente Vlaardingen, ga naar de homepage', 'Logo Gemeente Vlaardingen, ga naar de homepage', 'Logo Gemeente Vlaardingen, ga naar de homepage', 'Logo Gemeente Vlaardingen, ga naar de homepage', 'Logo Gemeente Vlaardingen, ga naar de homepage', 'Logo Gemeente Vlaardingen, ga naar de homepage', 'Logo Gemeente Vlaardingen, ga naar de homepage', 'Logo Gemeente Vlaardingen, ga naar de homepage', 'Logo Gemeente Vlaardingen, ga naar de homepage', 'Logo Gemeente Vlaardingen, ga naar de homepage', 'Logo Gemeente Vlaardingen, ga naar de homepage', 'Logo Gemeente Vlaardingen, ga naar de homepage', 'Logo Gemeente Vlaardingen, ga naar de homepage', 'Logo Gemeente Vlaardingen, ga naar de homepage', 'Logo Gemeente Vlaardingen, ga naar de homepage', 'Logo Gemeente Vlaardingen, ga naar de homepage', 'Logo Gemeente Vlaardingen, ga naar de homepage', 'Logo Gemeente Vlaardingen, ga naar de homepage', 'Logo Gemeente Vlaardingen, ga naar de homepage', 'Logo DigiD']",222,"Bouwmaterialen, containers plaatsen - Gemeente Vlaardingen","Moet u materialen op de openbare weg plaatsen voor uw bouw- of sloopwerkzaamheden? Bijvoorbeeld containers, portacabins of steigers? Meld dit uiterlijk 5 werkdagen van te voren. ",,,,,,,,,1,1,1,0,1,0
98,98.0,miedemabouwmaterialen.nl,https://www.miedemabouwmaterialen.nl/,bouwmaterialen,84.13,0.34,2.0,19.0,440.0,1.0,40.0,8.0,789.0,49.0,8.0,25.0,22.0,"['Logo image', 'Aan het laden', 'Aan het laden', 'Aan het laden', 'Aan het laden', 'Aan het laden', 'Aan het laden', 'Aan het laden', 'Aan het laden', 'Aan het laden', 'Aan het laden', 'Aan het laden', 'Aan het laden', 'Aan het laden', 'Aan het laden', 'None', 'iDeal', 'Visa', 'Mastercard', 'Maestro', 'None', 'Aan het laden']",14,"Miedema Bouwmaterialen - Totaalleverancier voor de bouw en aannemerij
","Bestel uw online bouwmaterialen in de webshop van Miedema Bouwmaterialen. Gratis verzending vanaf 350,-. Levering tot op de bouwplaats. 24/7 bestellen.",,4906.0,5487.0,3.0,0.0,2021-01-01,2021-01-01,0.0,1,1,1,1,1,0
