Number,Dn,Ur,Keyword,Kd,HeaderCount,ListsCount,InternalLinksSoup,ExternalLinksSoup,InternalLinksSEMrush,ExternalLinksSEMrush,BacklinksSEMrush,PageAScore,DomainAScore,AScore,Total Images,Image Tags,Content-length,META-Title,META-Description,Creation Date,FCP,LCP,FID,CLS,original_publication,last_modified,days_between
0,bouwmaat.nl,https://www.bouwmaat.nl/bouwmaterialen,bouwmaterialen,84.13,4.0,31.0,1430.0,10.0,43.0,77.0,26975.0,76.0,38.0,50.0,23,"['None', 'None', 'None', 'None', 'None', 'None', 'None', 'None', 'None', 'None', 'None', 'None', 'None', 'None', 'None', 'None', 'Bouwmaat.nl', 'None', 'ideal-logo', 'visa', 'v-pay', 'mastercard', 'Paypal-Logo']",753,"Bouwmaterialen kopen: Online of in de vestiging - Bouwmaat
",Bouwmaterialen kopen ✓ Online of in de vestiging ✓ Beste kwaliteit ✓ MEER=MINDER inkoopvoordeel ✓ Bezorgen op de klus ✓ Groot aanbod.,None,1188,2456,5,80,2021-05-20,2021-05-20,0
1,hornbach.nl,https://www.hornbach.nl/shop/Bouwmateriaal/S4471/artikeloverzicht.html,bouwmaterialen,84.13,10.0,17.0,216.0,7.0,42.0,79.0,15109.0,79.0,78.0,58.0,0,NaN,753,Bouwmaterialen kopen? .HORNBACH. Laagste prijs,Bekijk ons assortiment Bouwmateriaal  in onze Onlineshop . Eenvoudig online bestellen . Thuisbezorgd . Laagste prijsgarantie . 30 dagen Bedenktijd. Alle Bouwmateriaal  online!,None,447,522,4,65,2020-01-01,2020-01-01,0
2,bouwbestel.nl,https://www.bouwbestel.nl/bouwmaterialen.html,bouwmaterialen,84.13,2.0,7.0,2595.0,14.0,128.0,19.0,15422.0,64.0,38.0,41.0,0,NaN,753,Bouwmaterialen Online - Bouwbestel - Bouwmateriaal Online Kopen,"Op zoek naar bouwmaterialen? Bij Bouwbestel bent u aan het ✅ juiste adres voor o.a. bouwmaterialen, bouwmaterialen online, bouwmaterialen kopen.",None,1017,1160,3,3,2007-01-01,2021-01-01,5114
3,online-bouwmaterialen.nl,https://www.online-bouwmaterialen.nl/,bouwmaterialen,84.13,3.0,31.0,138.0,10.0,2.0,2.0,74.0,69.0,44.0,24.0,0,NaN,753,Bouwmaterialen Online kopen? | Online Bouwmaterialen,Bij Online Bouwmaterialen koopt u de beste kwaliteit bouwmaterialen ✅ Scherp geprijsd ✅ Snel geleverd ✅ Professioneel advies ✅ Ruim assortiment ✅,None,884,1553,3,1,2011-01-01,2011-01-01,0
4,bmn.nl,https://www.bmn.nl/,bouwmaterialen,84.13,3.0,12.0,563.0,5.0,150.0,178.0,5225.0,85.0,23.0,39.0,0,NaN,753,BMN Bouwmaterialen groothandel - BMN Bouwmaterialen,"BMN (Bouwmaterialen Nederland) is de bouwmaterialen groothandel en leverancier met de beste service, de juiste voorraad, flexibele logistiek, vakkundig personeel en uitgebreide webshop.",None,1405,1430,5,1,2021-01-01,2021-01-01,0
5,bouwonline.com,https://www.bouwonline.com/,bouwmaterialen,84.13,7.0,7.0,1029.0,3.0,42.0,79.0,334.0,45.0,44.0,4.0,37,"['BouwOnline.com', 'BouwOnline.com', 'None', 'Empty cart', 'Werkbladen', 'Combinatievloeren', 'Okoume multiplex deurplaat 40 mm blank (overige maten)', 'Populieren gegrond 18 mm 250 x 122cm', 'Wapeningskorf prefab open & gesloten kop 10 mm (betonmaat 350 x 500 x 3000mm)', 'OSB 3 18 mm 244 x 122cm - mes & groef langszijden', 'Medite® MDF vochtwerend 18 mm 244 x 122cm', 'Medite® Tricoya® MDF 18 mm 244 x 122cm', 'Reginox spoelbak Ohio Midnight Sky 50x40 R25970', 'Agnes® wandplaten wit stuc 2600 x 600 x 12 mm (2 stuks)', 'Agnes® wandplaten wit stuc 2600 x 600 x 12 mm (2 stuks)', 'Placeholder', 'Medite® Tricoya® MDF 18 mm 244 x 122cm', 'Reginox spoelbak Ohio Midnight Sky 50x40 R25970', 'Agnes® wandplaten wit stuc 2600 x 600 x 12 mm (2 stuks)', 'Agnes® wandplaten wit stuc 2600 x 600 x 12 mm (2 stuks)', 'None', 'Placeholder', 'Medite® Tricoya® MDF 18 mm 244 x 122cm', 'Reginox spoelbak Ohio Midnight Sky 50x40 R25970', 'Agnes® wandplaten wit stuc 2600 x 600 x 12 mm (2 stuks)', 'Gevelbekleding', 'Deuren & Kozijnen', 'Afvalcontainers', 'Dakmaterialen', 'Houten Werkbladen', 'Bouwfolies', 'Combinatievloeren', 'BouwOnline.com', 'ideal', 'mistercash', 'banktransfer', 'directebanking']",1651,Bouwmaterialen online voor klussers en bouwers - BouwOnline.com,"Dé grootste online bouwmaterialen shop voor hout, gevelbekleding, afvalcontainers en alle grote merken. Vandaag besteld is morgen in huis. ",None,1362,2605,21,93,2021-01-01,2021-01-01,0
6,huisman.nl,https://www.huisman.nl/bouwmaterialen/,bouwmaterialen,84.13,1.0,7.0,442.0,5.0,0.0,0.0,166.0,81.0,17.0,45.0,7,"['Huisman.nl', 'None', 'None', 'None', 'None', 'None', 'Betaalmethodes']",150,NaN,NaN,None,724,2025,3,13,2000-01-01,2000-01-01,0
7,pontmeyer.nl,https://www.pontmeyer.nl/,bouwmaterialen,84.13,4.0,1.0,613.0,5.0,53.0,23.0,58028.0,76.0,38.0,44.0,28,"['PontMeyer', 'PontMeyer', 'PONT2105_Webads_Bouwkrant_mei_320x300px_DEF9.jpg', 'Vloerverwarming.png', 'Elektrische vloer en wandverwarming', 'Laminaat.png', 'Laminaat 4v-groef', 'inkoopkaart-pontmeyer.png', 'vuren c geschaafd 50x75x3600', 'underlayment 18mm topfloor vuren tong en groef 2440x1220x18', 'duraprime 90mu wit gegrond 15 jaar garantie 2500x1220x18', 'None', 'elektrische vloer en wandverwarming set met wifi  4,8m2', 'None', 'None', 'None', 'None', 'None', 'None', 'None', 'None', 'icon next day delivery', 'icon location', 'icon drive in', 'icon free delivery', 'AlexanderOnzeAmbassadeurs (3).png', 'Registreer uw PontBonus kaart', 'Ideal']",430,PontMeyer | Beter bouwen met - PontMeyer ,Iedereen bouwt beter met Pontmeyer dankzij uitgebreid assortiment en professioneel advies,None,2962,4060,4,50,2021-01-01,2021-01-01,0
9,bouwmaterialenkopen.com,https://www.bouwmaterialenkopen.com/,bouwmaterialen,84.13,8.0,3.0,137.0,9.0,32.0,294.0,130.0,64.0,38.0,21.0,58,"['None', 'logo', 'help nodig', 'Laagste prijsgarantie', 'Kiyoh Rating', 'Thuiswinkel Waarborg', 'Thuiswinkel Waarborg', 'Thuiswinkel Waarborg', 'Thuiswinkel Waarborg', 'Thuiswinkel Waarborg', 'Betonblokken', 'Betonblokken', 'Betonblokken', 'Betonblokken', 'Betonblokken', 'Betonblokken', 'Betonblokken', 'Kalkzandsteen', 'Kalkzandsteen', 'Kalkzandsteen', 'Kalkzandsteen', 'Kalkzandsteen', 'Kalkzandsteen', 'Kalkzandsteen', 'Metselstenen', 'Metselstenen', 'Metselstenen', 'Metselstenen', 'Metselstenen', 'Metselstenen', 'Hout/Plaat', 'AfterPay NL B2B Digital Invoice', 'iDEAL', 'MasterCard', 'Visa', 'Bank transfer', 'Bancontact', 'Thuiswinkel Waarborg', 'Zwembad Bouwen', 'Garage Bouwen', 'Binnenmuur Maken', 'Buitenmuur Maken', 'Tuinmuur Maken', 'Ga voor de beste prijs-kwaliteit verhouding en kies voor betonblokken uit de acties en partij aanbiedingen.', 'Alle acties en aanbiedingen zijn tijdelijk. Dat betekent dat wij van deze metselstenen alleen beperkte partijen hebben (op is op) of dat wij alleen een tijdelijke korting kunnen bieden.', 'Ga voor de beste prijs-kwaliteit verhouding en kies voor kalkzandsteen uit acties en partij aanbiedingen.', 'Gasbetonblokken, oftewel cellenbetonblokken, vindt u hier in allerlei afmetingen. Ze zijn licht, krachtig, veilig en eenvoudig te verwerken. ', 'Betonblokken 30x10x20cm (2e keus)', 'Kalkzandsteen lijmblok 43,7x10x19,8cm', 'Waalformaat Massief Vuilwerk metselstenen', 'Betonblokken 29x20x19cm', 'Cellenbetonblokken 60x10x40cm', 'Kalkzandsteen metselsteen Maasformaat 21,4x10,2x8,2cm', 'Kalkzandsteen metselsteen Maasformaat 21,4x10,2x8,2cm', 'Laagste prijsgarantie', 'Kiyoh Rating', 'Thuiswinkel Waarborg', 'logo']",445,Brok Bouwmaterialen | Voor al uw bouwmaterialen | Sinds 1944 - Brok Bouwmaterialen,De Goedkoopste Bouwmaterialen Koop Je Online! ✅ De Laagste Prijsgarantie! ✅ Binnen 7 werkdagen geleverd ✅ Achteraf betalen ✅ Thuiswinkel Waarborg ✅ Brok Bouwmaterialen,None,1000,1669,4,9,2021-04-22,2021-04-22,0
10,sleiderink.nl,https://www.sleiderink.nl/bouwmaterialen,bouwmaterialen,84.13,6.0,43.0,364.0,4.0,43.0,49.0,428.0,58.0,17.0,27.0,14,"['Sleiderink logo', 'Sakrete Betonmortel', 'Sakrete Metselmortel zonder kalk', 'Sakrete Zandcement Mortel', 'Sakrete Snelbetonmortel (snelbeton)', 'Sakrete Egalisatiemortel EM30', 'Knauf Rotband', 'Knauf Fix & Finish', 'Faay Spaanplaat Veer 1000 mm', 'Faay Stellat', 'Faay Stellat VP70 2500 mm', 'RVS zelfborende bouten (tbv Golfplaten) 6,5 x 130 mm', 'Metal Stud C100-profiel ', 'Bouwmaterialen']",665,Bouwmaterialen | Sleiderink.nl | Altijd Scherp!,"Zoek je Bouwmaterialen? Goed Advies, Scherpe Prijzen en Snelle Levering! Sleiderink is de nummer 1 in (online) Bouwmaterialen. Bestel nu in de Webshop!",None,918,1019,4,1,2017-01-01,2021-01-01,1461
11,bol.com,https://www.bol.com/nl/m/bouwmaterialen/,bouwmaterialen,84.13,0.0,0.0,0.0,0.0,13.0,117.0,86756300.0,92.0,48.0,75.0,0,[],1725,NaN,NaN,None,528,633,4,6,NaN,NaN,NaN
12,gamma.nl,https://www.gamma.nl/assortiment/k/bouwmaterialen,bouwmaterialen,84.13,5.0,38.0,69.0,10.0,43.0,71.0,45674.0,83.0,17.0,21.0,9,"['None', 'None', 'footer GAMMA', 'Logo Thuiswinkel waarborg', 'facebook', 'instagram', 'Pinterest', 'twitter', 'Youtube']",497,GAMMA | Bouwmaterialen kopen? Van dakgoten tot gipsplaten,Bouwmaterialen nodig? Bij GAMMA vindt u alles wat u nodig heeft voor uw (ver)bouwklus. Bekijk het assortiment in de bouwmarkt of online.,None,670,991,3,3,2021-01-01,2021-01-01,0
13,karwei.nl,https://www.karwei.nl/assortiment/k/bouwmaterialen,bouwmaterialen,84.13,5.0,52.0,88.0,10.0,43.0,71.0,59076.0,81.0,30.0,54.0,0,NaN,497,KARWEI | Bouwmaterialen kopen?,"Wil je bouwmaterialen kopen om je tuin te verbouwen, je huis te isoleren of je muren te stucen? Vind alle benodigde bouwmaterialen online bij KARWEI!",None,700,1096,3,3,2021-01-01,2021-01-01,0
14,verdouw.nu,https://www.verdouw.nu/,bouwmaterialen,84.13,1.0,10.0,158.0,6.0,27.0,218.0,375.0,71.0,24.0,38.0,9,"['None', 'None', 'None', 'None', 'None', 'None', 'None', 'None', 'None']",62,Bouwmaterialen - Morgen brengen | Totaalleverancier voor de bouw,,None,730,1858,2,1,2021-01-01,2021-01-01,0
16,houtenbouwmaterialen.nl,https://www.houtenbouwmaterialen.nl/,bouwmaterialen,84.13,7.0,13.0,273.0,13.0,37.0,424.0,2415.0,74.0,38.0,30.0,0,NaN,305,NaN,NaN,None,1344,2234,7,1,NaN,NaN,NaN
18,praxis.nl,https://www.praxis.nl/bouwmaterialen/b1/,bouwmaterialen,84.13,4.0,17.0,519.0,14.0,43.0,71.0,576436.0,86.0,41.0,19.0,34,"['None', 'None', 'OSB paneel 18mm 244x59cm', 'Douglas plank ruw 22x190mm 300cm', 'Schaaflat eiken 19x195mm 250cm', 'Praxis plus', 'Praxis plus', 'Douglas grijs reliëf 30x195mm 250cm', 'Schaaflat eiken 19x60mm 250cm', 'Schaaflat eiken 19x25mm 250cm', 'Altrex reformladder All Round 3 x 9-treeds', 'CanDo steigerhout plank onbehandeld vuren 30x195mm 250cm', 'Altrex reformladder All Round 3 x 12-treeds', 'CanDo steigerhout plank vuren vergrijsd 30x195mm 250cm', 'Altrex vouwladder Varitrex Plus 4 x 3-treeds', 'Altrex huishoudtrap Double Decker 6-treeds', 'Geschaafd steigerhout plank vuren 27x190mm 250cm', 'Altrex huishoudtrap Double Decker 5-treeds', 'CanDo steigerhout plank vuren verouderd 30x195mm 250cm', 'Altrex huishoudtrap Double Decker 8-treeds', 'Altrex huishoudtrap Double Decker 3-treeds', 'CanDo steigerhout verbindingslat onbehandeld vuren 30X62mm 250cm', 'Altrex vouw- en rolsteiger met wielset 3400 module A', 'Altrex vouw- en rolsteiger 3400 module B', 'CanDo steigerhout verbindingslat vuren vergrijsd 30x62mm 250cm', 'JéWé trapleuninghouder Helsinki aluminium 2 stuks', 'Dumaclin gevelbekleding grijs', 'Altrex vouw- en rolsteiger 3400 module C', 'Ontdek het op Google Play', 'None', 'None', 'None', 'None', 'None']",455,Bouwmaterialen voor iedere bouwklus | Praxis ,"Bouwmaterialen voor dakbedekking, isolatie of een andere klus nodig? Bekijk en reserveer bouwmaterialen zoals hout en steigers direct op Praxis.nl. ",None,1378,3784,6,59,2017-01-01,2019-01-01,730
20,debouwmarktshop.nl,https://www.debouwmarktshop.nl/,bouwmaterialen,84.13,3.0,9.0,348.0,16.0,42.0,79.0,344.0,67.0,22.0,23.0,0,NaN,504,De Bouwmarktshop.nl - Dé Online Bouwmarkt voor jouw klus!,"Online Bouwmaterialen voor zowel de vakman als consument. Bestel direct voor lage prijzen, levering in Nederland & België ✓ Verbouw binnen budget ✓ Altijd persoonlijk contact ✓ Professionele Bouwmaterialen ✓ Flexibel, Snel & To the point ✓ Speciale services zoals montage",None,2414,2940,6,68,2021-01-01,2021-01-01,0
21,gebruiktebouwmaterialen.com,https://gebruiktebouwmaterialen.com/,bouwmaterialen,84.13,8.0,7.0,197.0,7.0,117.0,77.0,208.0,73.0,22.0,33.0,0,NaN,57,Gebruiktebouwmaterialen.com | Circulaire Bouwmarkt,NaN,None,1246,2120,3,16,NaN,NaN,NaN
25,witzand.nl,https://www.witzand.nl/assortiment/bouwmaterialen/,bouwmaterialen,84.13,5.0,2.0,109.0,19.0,13.0,95.0,57805.0,68.0,22.0,24.0,19,"['logo', 'image', 'image', 'image', 'None', 'None', 'None', 'None', 'None', 'None', 'None', 'None', 'None', 'None', 'None', 'None', 'None', 'img', 'youtube icon']",543,Bouwmaterialen | Witzand Bouwmaterialen,Ons assortiment bij Witzand Bouwmaterialen bestaat uit tal van bouwmaterialen. Veel bouwproducten zijn uit voorraad leverbaar maar ook veel materialen leveren wij just in time bij jou op de bouw.,None,999,1486,4,2,2019-01-01,2019-01-01,0
29,houthandelonline.nl,https://www.houthandelonline.nl/bouwmaterialen,bouwmaterialen,84.13,4.0,15.0,377.0,6.0,14.0,99.0,895.0,75.0,74.0,33.0,61,"['Houthandel Online Logo', 'None', 'HouthandelOnline', 'HouthandelOnline', 'HouthandelOnline', 'HouthandelOnline', 'HouthandelOnline', 'HouthandelOnline', 'HouthandelOnline', 'HouthandelOnline', 'HouthandelOnline', 'HouthandelOnline', 'HouthandelOnline', 'HouthandelOnline', 'Subcategorie pagina', 'Categorie pagina', 'Subcategorie pagina', 'Categorie pagina', 'Subcategorie pagina', 'Categorie pagina', 'Subcategorie pagina', 'Categorie pagina', 'Subcategorie pagina', 'Categorie pagina', 'Subcategorie pagina', 'Categorie pagina', 'Subcategorie pagina', 'Categorie pagina', 'Kwaliteit', 'Groot assortiment', 'Lage prijzen', 'Persoonlijk advies', 'Veilig online betalen', 'Veilig online betalen', 'Veilig online betalen', 'Veilig online betalen', 'Veilig online betalen', 'Veilig online betalen', 'Veilig online betalen', 'Veilig online betalen', 'Veilig online betalen', 'Veilig online betalen', 'Veilig online betalen', 'Veilig online betalen', 'Veilig online betalen', 'Veilig online betalen', 'Facebook-icoon', 'Instagram-icoon', 'LinkedIn-icoon', 'YouTube-icoon', 'iDeal', 'MasterCard', 'Visa', 'Mister Cash', 'Overboeking', 'iDeal', 'MasterCard', 'Visa', 'Mister Cash', 'Overboeking', 'None']",42,Groot aanbod bouwmaterialen hout bij Houthandelonline,"Een uitgebreid aanbod aan bouwmaterialen vind je op Houthandelonline. Bijvoorbeeld dak-, isolatie en stukadoorsmaterialen. Ook verkopen wij gips en fermacell.",None,378,514,2,6,2021-01-01,2021-01-01,0
30,jongeneel.nl,https://www.jongeneel.nl/,bouwmaterialen,84.13,4.0,5.0,637.0,5.0,84.0,107.0,68238.0,76.0,2.0,39.0,0,NaN,114,Jongeneel | Houthandel voor iedereen die bouwt of klust,"Welkom bij Jongeneel, al 220 jaar dé houthandel voor iedereen die bouwt of klust . 42 vestigingen - 6 dagen per week geopend . Webshop - 24/7 bestellen",None,2454,2733,4,9,2021-01-01,2021-01-01,0
39,groenebouwmaterialen.nl,https://www.groenebouwmaterialen.nl/,bouwmaterialen,84.13,5.0,12.0,486.0,6.0,17.0,3.0,1715.0,68.0,17.0,27.0,59,"['GroeneBouwmaterialen.nl | Ecologische bouwmaterialen', 'GroeneBouwmaterialen.nl | Ecologische bouwmaterialen', 'GroeneBouwmaterialen.nl | Ecologische bouwmaterialen', 'None', 'None', 'None', 'None', 'None', 'None', 'None', 'None', 'None', 'None', 'None', 'None', 'Unilit Riva', 'Horsemen Horsemen Wood Care Onzichtbare Wasolie', 'Pro Clima Solitex Fronta Quattro FB', 'Elka ESB Plus constructieplaat, pallet', 'Isolena  Premium schapenwolisolatie, rol', 'Gutex Thermoflex, pak', 'Tierrafino Base S2, zonder stro, bruin leem, Aardvochtig', 'Agepan DWD Protect constructieplaat', 'Metisse Katoen isolatie PM, pak', 'Allbäck  Lijnolieverf Kleur', 'Riva', 'Gutex Thermoflex, pak', 'Isolena  Optimal schapenwolisolatie, rol', 'Gutex Thermoflex, pallet', 'Elka ESB Plus constructieplaat, pallet', 'Chamotte tegel, groot', 'Thermo Natur Hennep Premium - Pallet', 'Unilit Cortex', 'Horsemen Deck Care', 'Horsemen Stone Betonprotectie', 'Isolatie', 'Luchtdichting', 'Hout & Plaat', 'Stuc', 'Leem', 'Vuurvaste materialen', 'Berg  & Berg Parket', 'Uitverkoop', 'Stucsystemen', 'Natuurverf', 'Verwarming', 'Allbäck ', 'Auro', 'Gutex', 'Isolena ', 'Kerakoll', 'Kreidezeit', 'Metisse', 'Pro Clima', 'Tierrafino', 'WEM ', 'Vacature: Inhoudsbeheerder, website beheerder', 'Vacature: bureauchef, coördinator, organisator, ', 'Vacature: adviseur/verkoper binnendienst']",533,Groenebouwmaterialen - uw bio bouwmarkt - Groene Bouwmaterialen,Een complete bio- bouwmarkt. Wij zijn gespecialiseerd in ecologische en bio based bouwmaterialen. Bijna al onze producten zijn binnen enkele werkdagen leverbaar.,None,1413,1662,7,38,2021-04-22,2021-04-22,0
40,bouwmaterialenzeeland.nl,https://www.bouwmaterialenzeeland.nl/,bouwmaterialen,84.13,1.0,0.0,0.0,0.0,43.0,109.0,6159.0,43.0,38.0,,0,[],9,Uw online bouwmarkt voor elke klus - BPG De Jonge - Bouwmaterialen Zeeland,"Bestel u bouwmaterialen direct in onze webshop, snel en voordelig geleverd in Zeeland",None,1093,1501,2,6,2021-01-01,2021-01-01,0
45,ggoedkoop.nl,https://www.ggoedkoop.nl/,bouwmaterialen,84.13,6.0,9.0,61.0,14.0,110.0,44.0,1822.0,68.0,16.0,25.0,23,"['None', 'None', 'None', 'None', 'None', 'None', 'None', 'None', 'None', 'None', 'None', 'None', 'Sakol Plaatmateriaal', 'Sakol Afbouwplaten', 'Sakol Tuinhout', 'Sakol Lijstwerk', 'Sakol Bouwfolie', 'None', 'None', 'None', 'None', 'None', 'None']",113,"Goedkoop Bouwmaterialen
",Goedkoop,None,994,1565,4,6,2016-01-01,2016-01-01,0
46,eco-bouwmaterialen.nl,https://www.eco-bouwmaterialen.nl/,bouwmaterialen,84.13,5.0,7.0,369.0,9.0,11.0,196.0,37.0,62.0,38.0,20.0,17,"['eco-bouwmaterialen', 'eco-bouwmaterialen', 'eco-bouwmaterialen', 'eco-bouwmaterialen', 'eco-bouwmaterialen', 'eco-bouwmaterialen', 'eco-bouwmaterialen', 'eco-bouwmaterialen', 'eco-bouwmaterialen', 'eco-bouwmaterialen', 'eco-bouwmaterialen', 'eco-bouwmaterialen', 'eco-bouwmaterialen', 'eco-bouwmaterialen', 'eco-bouwmaterialen', 'eco-bouwmaterialen', 'eco-bouwmaterialen']",429,Natuurlijk & duurzaam bouwen | Eco-bouwmaterialen,Op zoek naar producten voor je verbouwing of nieuw project? Eco-bouwmaterialen biedt een ruim aanbod aan duurzame materialen aan. Kijk snel verder.,None,2847,3552,7,21,2019-04-23,2021-05-17,755
55,hominco.nl,https://www.hominco.nl/,bouwmaterialen,84.13,4.0,3.0,123.0,8.0,55.0,30.0,196.0,49.0,74.0,46.0,35,"['Minco Bouwmaterialen', 'Assortiment', 'Minco Bouwmaterialen', 'Assortiment', '<strong>Snelle Levering!</strong><br /> Bestelt u een product? We leveren snel ! ', '<strong>Vakkundige Klantenservice!</strong><br />  Heeft u een vraag? Wij helpen.', '<strong>Scherpe Prijzen!</strong><br />  We houden onze prijzen laag.', '<strong>1500 m2 opslag!</strong><br />  De meeste producten zijn op voorraad.', 'Klik hier om ons assortiment te bekijken!', 'Minco Bouwmaterialen', 'Minco Bouwmaterialen', 'Minco Bouwmaterialen', 'Minco Bouwmaterialen', 'Minco Bouwmaterialen', 'Minco Bouwmaterialen', 'Houtdraadbout RVS (ST)', '44x44 mm geïmpregneerd vuren lengte 480 cm', 'Meranti rond', 'Stootvoegrooster zwart 10x50x100 mm', 'Inboorpaumelle vernikkeld 14 mm houten kozijn', 'Hulpstukken 160 mm', 'X-prime Okoume gegrond 153x310 cm', 'Panlatten', 'Windhaak', 'Stelpen', 'Company', 'None', 'iDeal', 'Apple Pay', 'Visa Creditcard', 'Mastercard Creditcard', 'Maestro Creditcard', 'American Express Creditcard', 'Overboeking', 'Minco Bouwmaterialen']",248,Minco Bouwmaterialen,"Hominco.nl is de leverancier voor al bouwhout, tuinhout, isolatie, gips, pvc en aanverwanten artikelen. Scherpe prijzen, hoge kwaliteit bij Hominco!",None,1424,2343,3,38,2021-01-01,2021-01-01,0
57,noordbouwmaterialen.nl,https://noordbouwmaterialen.nl/,bouwmaterialen,84.13,6.0,22.0,87.0,0.0,,,,,,,0,NaN,429,Home - Noord Bouwmaterialen,€59.15 €42.95,None,3558,4220,3,7,2020-08-13,2021-05-11,271
64,vleutenbouwmaterialen.nl,https://www.vleutenbouwmaterialen.nl/,bouwmaterialen,84.13,2.0,13.0,76.0,4.0,17.0,3.0,101.0,67.0,38.0,21.0,29,"['Bouwmaterialen Best | Van der Vleuten', 'Bouwmaterialen Best | Van der Vleuten', 'Bouwmaterialen Best | Van der Vleuten', 'Bouwmaterialen Best | Van der Vleuten', 'Bouwmaterialen Best | Van der Vleuten', 'Bouwmaterialen Best | Van der Vleuten', 'Bouwmaterialen Best | Van der Vleuten', 'Bouwmaterialen Best | Van der Vleuten', 'Bouwmaterialen Best | Van der Vleuten', 'Bouwmaterialen Best | Van der Vleuten', 'Bouwmaterialen Best | Van der Vleuten', 'Bouwmaterialen Best | Van der Vleuten', 'Bouwmaterialen Best | Van der Vleuten', 'Bouwmaterialen Best | Van der Vleuten', 'Bouwmaterialen Best | Van der Vleuten', 'Bouwmaterialen Best | Van der Vleuten', 'Bouwmaterialen Best | Van der Vleuten', 'Bouwmaterialen Best | Van der Vleuten', 'Bouwmaterialen Best | Van der Vleuten', 'Webwinkel Keurmerk', 'Webwinkel Keurmerk', 'Webwinkel Keurmerk', 'Webwinkel Keurmerk', 'Webwinkel Keurmerk', 'Webwinkel Keurmerk', 'Webwinkel Keurmerk', 'Webwinkel Keurmerk', 'Webwinkel Keurmerk', 'Webwinkel Keurmerk']",232,Bouwmaterialen Best | Van der Vleuten - Home,Voor bouwmaterialen nieuw en gebruikt moet u bij 'De Vleut' zijn.,None,3463,4402,4,31,2021-05-20,2021-05-20,0
80,mulder-bouwmateriaal.nl,https://www.mulder-bouwmateriaal.nl/,bouwmaterialen,84.13,3.0,11.0,215.0,4.0,43.0,84.0,31.0,52.0,22.0,20.0,57,"['Mulder bouwmaterialen', 'Mulder bouwmaterialen', 'Mulder bouwmaterialen', 'Mulder bouwmaterialen', 'Mulder bouwmaterialen', 'Mulder bouwmaterialen', 'Keurmerk Webbshop', 'iDeal', 'Mulder Bouwmateriaal Heteren Gelderland', '5% extra korting voor zakelijke klanten', 'Ontvang een offerte op maat', 'Snelle bezorging aan huis binnen 100km', 'Snelle bezorging aan huis binnen 100km', 'Snelle bezorging aan huis binnen 100km', 'Snelle bezorging aan huis binnen 100km', 'Snelle bezorging aan huis binnen 100km', 'Snelle bezorging aan huis binnen 100km', 'Snelle bezorging aan huis binnen 100km', 'Snelle bezorging aan huis binnen 100km', 'Snelle bezorging aan huis binnen 100km', 'Snelle bezorging aan huis binnen 100km', 'Snelle bezorging aan huis binnen 100km', 'Snelle bezorging aan huis binnen 100km', 'Snelle bezorging aan huis binnen 100km', 'Snelle bezorging aan huis binnen 100km', 'Snelle bezorging aan huis binnen 100km', 'Snelle bezorging aan huis binnen 100km', 'Snelle bezorging aan huis binnen 100km', 'Snelle bezorging aan huis binnen 100km', 'Snelle bezorging aan huis binnen 100km', 'Snelle bezorging aan huis binnen 100km', 'Snelle bezorging aan huis binnen 100km', 'Snelle bezorging aan huis binnen 100km', 'Snelle bezorging aan huis binnen 100km', 'Snelle bezorging aan huis binnen 100km', 'Snelle bezorging aan huis binnen 100km', 'Snelle bezorging aan huis binnen 100km', 'Snelle bezorging aan huis binnen 100km', 'Snelle bezorging aan huis binnen 100km', 'Snelle bezorging aan huis binnen 100km', 'Snelle bezorging aan huis binnen 100km', 'Snelle bezorging aan huis binnen 100km', 'Snelle bezorging aan huis binnen 100km', 'Snelle bezorging aan huis binnen 100km', 'Snelle bezorging aan huis binnen 100km', 'Snelle bezorging aan huis binnen 100km', 'Snelle bezorging aan huis binnen 100km', 'Snelle bezorging aan huis binnen 100km', 'Snelle bezorging aan huis binnen 100km', 'Snelle bezorging aan huis binnen 100km', 'Bestel via onze webshop. Mulder Bouwmateriaal Heteren Gelderland', 'Bestel via onze webshop. Mulder Bouwmateriaal Heteren Gelderland', 'Bestel via onze webshop. Mulder Bouwmateriaal Heteren Gelderland', 'None', 'None', 'None', 'Keurmerk Webbshop']",572,Isolatie webshop - Mulder Bouwmateriaal,Isolatie en houthandel webshop &#10003; Bouwmaterialen &#10003; Ruim assortiment &#10003; Altijd scherp geprijsd &#10003; Snelle levering aan huis &#10003; Eenvoudig en veilig betalen.,None,1725,2233,3,0,2021-05-20,2021-05-20,0
82,makroshop.be,https://www.makroshop.be/nl/bouwen-en-gereedschappen/bouwmaterialen,bouwmaterialen,84.13,6.0,7.0,829.0,13.0,42.0,79.0,118442.0,82.0,58.0,22.0,72,"['logo makro', '{{basketItems.Title}}', '{{basketItems.Title}}', '{{basketItems.Title}}', '{{basketItems.Title}}', '{{basketItems.Title}}', '{{basketItems.Title}}', '{{basketItems.Title}}', '{{basketItems.Title}}', '{{basketItems.Title}}', '{{basketItems.Title}}', '{{basketItems.Title}}', '{{basketItems.Title}}', '{{basketItems.Title}}', '{{basketItems.Title}}', '{{basketItems.Title}}', '{{basketItems.Title}}', '{{basketItems.Title}}', '{{basketItems.Title}}', '{{basketItems.Title}}', '{{basketItems.Title}}', '{{basketItems.Title}}', '{{basketItems.Title}}', '{{basketItems.Title}}', '{{basketItems.Title}}', '{{basketItems.Title}}', '{{basketItems.Title}}', '{{basketItems.Title}}', '{{basketItems.Title}}', '{{basketItems.Title}}', '{{basketItems.Title}}', '{{basketItems.Title}}', '{{basketItems.Title}}', '{{basketItems.Title}}', '{{basketItems.Title}}', '{{basketItems.Title}}', '{{basketItems.Title}}', '{{basketItems.Title}}', '{{basketItems.Title}}', '{{basketItems.Title}}', 'auto', 'auto', 'auto', 'auto', 'auto', 'auto', 'auto', 'auto', 'auto', 'auto', 'auto', 'auto', 'auto', 'auto', 'auto', 'auto', 'Afwatering & Drainage', 'Bouwstenen', 'Bouwstoffen', 'Dakbedekking', 'Gipsplaten & Accessoires', 'Isolatie & Accessoires', 'Vensterbanken, Lintelen & Dorpels', 'Vensterbanken, Lintelen & Dorpels', 'Vensterbanken, Lintelen & Dorpels', 'Vensterbanken, Lintelen & Dorpels', 'Vensterbanken, Lintelen & Dorpels', 'Vensterbanken, Lintelen & Dorpels', 'Vensterbanken, Lintelen & Dorpels', 'Vensterbanken, Lintelen & Dorpels', 'Vensterbanken, Lintelen & Dorpels', 'Vensterbanken, Lintelen & Dorpels']",236,"Bouwmaterialen online kopen en vergelijken - MakroShop
",,None,650,1832,3,18,2015-01-01,2015-01-01,0
83,bloemgebruiktebouwmaterialen.nl,https://www.bloemgebruiktebouwmaterialen.nl/,bouwmaterialen,84.13,7.0,8.0,153.0,10.0,16.0,23.0,20.0,54.0,7.0,,38,"['Bloem Gebruikte Bouwmaterialen Logo', 'Bloem Gebruikte Bouwmaterialen Logo', 'Bloem Gebruikte Bouwmaterialen Logo', 'Plattegrond Bloem Gebruikte Bouwmaterialen Panheel', 'Meubelen | Bloem Gebruikte BOuwmaterialen', 'Electra | Bloem Gebruikte Bouwmaterialen', 'Keukenbladen graniet composiet keramiek | Bloem Gebruikte Bouwmaterialen', 'Brandpreventie | Bloem Gebruikte Bouwmaterialen', 'Kozijnen | Bloem Gebruikte Bouwmaterialen Panheel', 'Deuren nieuw of gebruikt | Bloem Gebruikte Bouwmaterialen', 'Gebruikt Sanitair | Bloem Gebruikte Bouwmaterialen', 'Gebruikt Sanitair | Bloem Gebruikte Bouwmaterialen', 'Tuin en Buitenterrein | Bloem Gebruikte Bouwmaterialen', 'Tuin en Buitenterrein | Bloem Gebruikte Bouwmaterialen', 'Tuin en Buitenterrein | Bloem Gebruikte Bouwmaterialen', 'Metselstenen | Bloem Gebruikte Bouwmaterialen Panheel', 'Dakraam | Bloem Gebruikte Bouwmaterialen Panheel', 'Dakraam | Bloem Gebruikte Bouwmaterialen Panheel', 'Combiketels Intergas', 'Combiketels Intergas', 'Paneeldeuren', 'Paneeldeuren', 'Radson Flores radiator', 'Radson Flores radiator', 'Zarges 41207 Plateautrap', 'Zarges 41207 Plateautrap', 'Schijnwerpers', 'Schijnwerpers', 'Houten Kozijnen op maat', 'Houten Kozijnen op maat', 'hang- en sluitwerk gebruikt', 'hang- en sluitwerk gebruikt', 'Grohe mengkranen', 'Bloem Infra', 'Bloem Infra', 'Bloem Infra', 'Bloem Infra', 'Bloem Infra']",344,Home - Bloem Gebruikte Bouwmaterialen,"Ontdek ons groot assortiment in gebruikte bouwmaterialen. Van gebruikte houten balken, tot electra, van radiatoren tot glas in lood in Panheel, Limburg.",None,1050,2298,3,13,2015-12-04,2020-11-04,1797
93,bouwcheap.nl,https://www.bouwcheap.nl/,bouwmaterialen,84.13,0.0,22.0,186.0,0.0,11.0,3.0,44.0,7.0,74.0,,0,NaN,46,Schroeven en meer bouwmaterialen	         - Bouwcheap.nl,"Schroeven, Ijzerwaren en overige bouwmaterialen snel geleverd en voor een eerlijke prijs. Bekijk snel onze webshop bouwcheap.nl ",None,1093,1633,3,28,2005-01-01,2020-01-01,5478
